date,open,high,low,close,volume,dividends,stock_splits,ticker
2025-02-03 00:00:00-05:00,228.9545099800506,230.78622201033428,224.68381655532258,226.98341369628906,73063300,0.0,0.0,AAPL
2025-02-04 00:00:00-05:00,226.2268315478868,232.08036234711574,225.62952690670866,231.75184631347656,45067300,0.0,0.0,AAPL
2025-02-05 00:00:00-05:00,227.50107667347064,231.62243633567465,227.24225275297744,231.42333984375,39620300,0.0,0.0,AAPL
2025-02-06 00:00:00-05:00,230.24863411824003,232.74734282564026,229.39250557129796,232.16995239257812,29925300,0.0,0.0,AAPL
2025-02-07 00:00:00-05:00,231.5527419594936,232.94643248808816,226.23677336593994,226.60511779785156,39707200,0.0,0.0,AAPL
2025-02-10 00:00:00-05:00,228.7876615470872,229.80417456619486,226.42572786906877,226.8741912841797,33115600,0.25,0.0,AAPL
2025-02-11 00:00:00-05:00,227.42233485023965,234.42837673351212,227.3525813044295,231.8272705078125,53718400,0.0,0.0,AAPL
2025-02-12 00:00:00-05:00,230.41209906543347,236.15247950770552,229.89386689621963,236.06277465820312,45243300,0.0,0.0,AAPL
2025-02-13 00:00:00-05:00,236.10265815205582,241.5141464162941,234.76722827404518,240.7069091796875,53614100,0.0,0.0,AAPL
2025-02-14 00:00:00-05:00,240.4278440984732,244.71319316935814,240.1687356269457,243.7664337158203,40896200,0.0,0.0,AAPL
2025-02-18 00:00:00-05:00,243.31796980618805,244.34445851454996,241.01584434943877,243.6368865966797,48822500,0.0,0.0,AAPL
2025-02-19 00:00:00-05:00,243.8262313730556,245.17162160901916,242.33134319523683,244.03550720214844,32204200,0.0,0.0,AAPL
2025-02-20 00:00:00-05:00,244.10528213544586,245.93900803040836,243.45748811790233,244.99224853515625,32316900,0.0,0.0,AAPL
2025-02-21 00:00:00-05:00,245.11182656230832,247.84249441981407,244.38431857946645,244.71319580078125,53197400,0.0,0.0,AAPL
2025-02-24 00:00:00-05:00,244.0953010258401,248.01191597096326,243.58704451830639,246.25791931152344,51326400,0.0,0.0,AAPL
2025-02-25 00:00:00-05:00,247.15485528022737,249.14803959700342,244.0753891604379,246.1981201171875,48013300,0.0,0.0,AAPL
2025-02-26 00:00:00-05:00,243.49735015822236,244.14512894194456,238.31507426807877,239.54087829589844,44433600,0.0,0.0,AAPL
2025-02-27 00:00:00-05:00,238.5941277716784,241.6337368385667,236.25213016109495,236.49131774902344,41153600,0.0,0.0,AAPL
2025-02-28 00:00:00-05:00,236.14250368420718,241.26498665715278,229.41550676334808,241.01583862304688,56833400,0.0,0.0,AAPL
2025-03-03 00:00:00-05:00,240.96599177281342,243.1983635012748,235.3053560708129,237.21881103515625,47184000,0.0,0.0,AAPL
2025-03-04 00:00:00-05:00,236.89992456399492,239.25188262538288,233.88023638606123,235.1259765625,53798100,0.0,0.0,AAPL
2025-03-05 00:00:00-05:00,234.61771347352882,235.7438674276595,228.44880585950324,234.93663024902344,47227600,0.0,0.0,AAPL
2025-03-06 00:00:00-05:00,233.64106399817908,237.04940729600818,232.3654272740836,234.5280303955078,45170400,0.0,0.0,AAPL
2025-03-07 00:00:00-05:00,234.30878315837532,240.54744460053885,233.95996981993864,238.2552947998047,46273600,0.0,0.0,AAPL
2025-03-10 00:00:00-04:00,234.73730306532093,235.35520052510583,223.45588808739058,226.70477294921875,72071200,0.0,0.0,AAPL
2025-03-11 00:00:00-04:00,223.0472976504486,225.07037859810526,216.70897065581676,220.08741760253906,76137400,0.0,0.0,AAPL
2025-03-12 00:00:00-04:00,219.3897895710681,220.99430349899413,214.17761702040198,216.2405548095703,62547500,0.0,0.0,AAPL
2025-03-13 00:00:00-04:00,215.2140760046737,216.1010424274323,207.7097381833997,208.96543884277344,61368300,0.0,0.0,AAPL
2025-03-14 00:00:00-04:00,210.53009451028822,213.22089031000854,208.86578742228792,212.76246643066406,60107600,0.0,0.0,AAPL
2025-03-17 00:00:00-04:00,212.58307041465437,214.48656508270392,209.25445626243933,213.27072143554688,48073400,0.0,0.0,AAPL
2025-03-18 00:00:00-04:00,213.43017106944268,214.41678753127792,210.76927194631702,211.96517944335938,42432400,0.0,0.0,AAPL
2025-03-19 00:00:00-04:00,213.48995680484757,218.0144781615262,213.0215573102422,214.50648498535156,54385400,0.0,0.0,AAPL
2025-03-20 00:00:00-04:00,213.2607660976187,216.74883872802718,211.49679368091097,213.37039184570312,48862900,0.0,0.0,AAPL
2025-03-21 00:00:00-04:00,210.83902892918795,218.09421843072647,210.55998434888178,217.5261688232422,94127800,0.0,0.0,AAPL
2025-03-24 00:00:00-04:00,220.24686734420678,220.7252273230714,217.83511614199446,219.977783203125,44299500,0.0,0.0,AAPL
2025-03-25 00:00:00-04:00,220.01766257627696,223.33631640181736,219.33001153042758,222.9875030517578,34493600,0.0,0.0,AAPL
2025-03-26 00:00:00-04:00,222.74828771017502,224.25315146564492,219.71865451354498,220.77503967285156,34466100,0.0,0.0,AAPL
2025-03-27 00:00:00-04:00,220.63551973925667,224.22325730600966,219.8083464889556,223.08714294433594,37094800,0.0,0.0,AAPL
2025-03-28 00:00:00-04:00,220.91458161653458,223.04728822423488,216.93817343567548,217.1574249267578,39818600,0.0,0.0,AAPL
2025-03-31 00:00:00-04:00,216.27045427307317,224.8511131847691,215.49311362240712,221.37301635742188,65299300,0.0,0.0,AAPL
2025-04-01 00:00:00-04:00,219.06091135294477,222.91771798921508,218.15400887457568,222.4293975830078,36412700,0.0,0.0,AAPL
2025-04-02 00:00:00-04:00,220.56578026164416,224.4225869866718,220.2667995775576,223.12701416015625,35905900,0.0,0.0,AAPL
2025-04-03 00:00:00-04:00,204.83954098981803,206.78290782089874,200.56416741637668,202.49755859375,103419000,0.0,0.0,AAPL
2025-04-04 00:00:00-04:00,193.2292544699453,199.19884701911502,186.70157274086588,187.738037109375,125910900,0.0,0.0,AAPL
2025-04-07 00:00:00-04:00,176.59612158290105,193.48835506739644,174.02491207450518,180.84161376953125,160466300,0.0,0.0,AAPL
2025-04-08 00:00:00-04:00,186.06374707733985,189.6913418115003,168.63336050772435,171.83241271972656,120859500,0.0,0.0,AAPL
2025-04-09 00:00:00-04:00,171.3640110222038,199.926344669284,171.30421792842867,198.17234802246094,184395900,0.0,0.0,AAPL
2025-04-10 00:00:00-04:00,188.42569728108137,194.11623030966024,182.3763752402466,189.77108764648438,121880000,0.0,0.0,AAPL
2025-04-11 00:00:00-04:00,185.46579368960585,198.85997858079665,185.42592149027786,197.47471618652344,87435900,0.0,0.0,AAPL
2025-04-14 00:00:00-04:00,210.7194495182335,212.2143377637297,200.47448329230923,201.82984924316406,101352900,0.0,0.0,AAPL
2025-04-15 00:00:00-04:00,201.1720967653651,202.81646776904176,199.11911932089467,201.45114135742188,51343900,0.0,0.0,AAPL
2025-04-16 00:00:00-04:00,197.68401406478426,200.01603598224625,191.71442177543545,193.6079559326172,59732400,0.0,0.0,AAPL
2025-04-17 00:00:00-04:00,196.5279673080365,198.15241736523095,193.75744237056688,196.3087158203125,52164700,0.0,0.0,AAPL
2025-04-21 00:00:00-04:00,192.61134997705832,193.13954254760668,189.16313478921086,192.50172424316406,46742500,0.0,0.0,AAPL
2025-04-22 00:00:00-04:00,195.45165216386687,200.9030125684292,195.3021694205859,199.059326171875,52976400,0.0,0.0,AAPL
2025-04-23 00:00:00-04:00,205.29799399880645,207.29117840656184,202.10890198775584,203.90277099609375,52929200,0.0,0.0,AAPL
2025-04-24 00:00:00-04:00,204.1917605029567,208.11833592046503,202.248408894664,207.65989685058594,47311000,0.0,0.0,AAPL
2025-04-25 00:00:00-04:00,205.66671618569228,209.0352025034097,205.49729734578435,208.56680297851562,38222300,0.0,0.0,AAPL
2025-04-28 00:00:00-04:00,209.2843516085664,210.77923983434187,206.7530142372406,209.4238739013672,38743100,0.0,0.0,AAPL
2025-04-29 00:00:00-04:00,207.97880282615472,211.51670773820763,207.65988606249564,210.49021911621094,36827600,0.0,0.0,AAPL
2025-04-30 00:00:00-04:00,208.58674127234366,212.8521544830753,205.96569903614,211.7758331298828,52286500,0.0,0.0,AAPL
2025-05-01 00:00:00-04:00,208.3674918385056,213.82881264887993,208.18809734114114,212.59304809570312,57365700,0.0,0.0,AAPL
2025-05-02 00:00:00-04:00,205.38767599056177,206.28461806468735,201.4710760745947,204.65020751953125,101010600,0.0,0.0,AAPL
2025-05-05 00:00:00-04:00,202.40787903175757,203.4044712176219,197.5345438511527,198.21221923828125,69018500,0.0,0.0,AAPL
2025-05-06 00:00:00-04:00,197.5345306234426,199.96620262041338,196.34858356859348,197.83349609375,51216500,0.0,0.0,AAPL
2025-05-07 00:00:00-04:00,198.49125449640593,198.7603386318323,192.59143085844198,195.58120727539062,68536700,0.0,0.0,AAPL
2025-05-08 00:00:00-04:00,197.04619801698016,199.3682595147921,194.0165494128041,196.81698608398438,50478900,0.0,0.0,AAPL
2025-05-09 00:00:00-04:00,198.32183886048443,199.85658408831688,196.86680762308345,197.8534393310547,36453900,0.0,0.0,AAPL
2025-05-12 00:00:00-04:00,210.52676720097676,210.82613996616402,206.31563192374182,210.34713745117188,63775800,0.26,0.0,AAPL
2025-05-13 00:00:00-04:00,209.98788789546765,212.95164926547025,208.56089957562318,212.48263549804688,51909300,0.0,0.0,AAPL
2025-05-14 00:00:00-04:00,211.98367663769176,213.49051386836734,210.13757262915965,211.88389587402344,49325800,0.0,0.0,AAPL
2025-05-15 00:00:00-04:00,210.506803034962,212.51258988469863,209.0997617101353,211.00575256347656,45029500,0.0,0.0,AAPL
2025-05-16 00:00:00-04:00,211.9138418912236,212.12340739052024,209.3292870180407,210.81614685058594,54737900,0.0,0.0,AAPL
2025-05-19 00:00:00-04:00,207.47318710280226,209.0398806327114,203.83084657536088,208.3413543701172,46140500,0.0,0.0,AAPL
2025-05-20 00:00:00-04:00,207.23369558110693,208.03201787298204,204.5992426766309,206.42539978027344,42496600,0.0,0.0,AAPL
2025-05-21 00:00:00-04:00,204.73893602091724,206.60500227852873,200.28831500749223,201.6654052734375,59211800,0.0,0.0,AAPL
2025-05-22 00:00:00-04:00,200.2883071907537,202.32401437172413,199.28041949489233,200.9369354248047,46742400,0.0,0.0,AAPL
2025-05-23 00:00:00-04:00,193.26311186041877,197.28464391104225,193.05356158182016,194.85975646972656,78432900,0.0,0.0,AAPL
2025-05-27 00:00:00-04:00,197.88337691051132,200.31825293342968,197.01519441683536,199.78936767578125,56288500,0.0,0.0,AAPL
2025-05-28 00:00:00-04:00,200.16855762950956,202.30406088976383,199.48000488022652,199.99891662597656,45339700,0.0,0.0,AAPL
2025-05-29 00:00:00-04:00,203.15228556391767,203.38179807643976,198.09293019267844,199.5299072265625,51396800,0.0,0.0,AAPL
2025-05-30 00:00:00-04:00,198.95112277889336,201.53569281345096,196.36656797106642,200.4280242919922,70819900,0.0,0.0,AAPL
2025-06-02 00:00:00-04:00,199.85921507319503,201.70533435611304,199.69954757512772,201.27622985839844,35423300,0.0,0.0,AAPL
2025-06-03 00:00:00-04:00,200.92696184786135,203.34187550579085,200.53778186221837,202.84292602539062,46381600,0.0,0.0,AAPL
2025-06-04 00:00:00-04:00,202.48369763994597,205.80670326672896,201.67540185470463,202.39389038085938,43604000,0.0,0.0,AAPL
2025-06-05 00:00:00-04:00,203.07246156364138,204.3198354061699,199.7294935749724,200.20849609375,55126100,0.0,0.0,AAPL
2025-06-06 00:00:00-04:00,202.57349663849442,205.26782088834017,201.62549563553227,203.49156188964844,46607700,0.0,0.0,AAPL
2025-06-09 00:00:00-04:00,203.96058960802065,205.56720771427428,199.59977555964565,201.02676391601562,72862600,0.0,0.0,AAPL
2025-06-10 00:00:00-04:00,200.1785434107301,203.92066462184746,200.14860765917956,202.2441864013672,54672600,0.0,0.0,AAPL
2025-06-11 00:00:00-04:00,203.0724503091444,204.07034932786254,197.99314795828434,198.36236572265625,60989900,0.0,0.0,AAPL
2025-06-12 00:00:00-04:00,198.66173587371065,199.26046614106752,196.94534836583952,198.78147888183594,43904600,0.0,0.0,AAPL
2025-06-13 00:00:00-04:00,199.3103695725812,199.9490243445518,195.2888376882346,196.03726196289062,51447300,0.0,0.0,AAPL
2025-06-16 00:00:00-04:00,196.8854859861783,198.27256505925683,196.1470352061455,198.0031280517578,43020700,0.0,0.0,AAPL
2025-06-17 00:00:00-04:00,196.78567812068002,197.97318035709665,194.79986887227625,195.2289581298828,38856200,0.0,0.0,AAPL
2025-06-18 00:00:00-04:00,195.52832221137376,197.15490236836843,194.66015499959357,196.16697692871094,45394700,0.0,0.0,AAPL
2025-06-20 00:00:00-04:00,197.8235020126397,201.27622400422058,196.44639652864126,200.57769775390625,96813500,0.0,0.0,AAPL
2025-06-23 00:00:00-04:00,201.20639190632414,201.87498244787415,198.54200324907936,201.07666015625,55814300,0.0,0.0,AAPL
2025-06-24 00:00:00-04:00,202.16436301176623,203.0125832870988,199.77938491343542,199.87918090820312,54064000,0.0,0.0,AAPL
2025-06-25 00:00:00-04:00,201.0267661369261,203.2421033073339,200.19850807531137,201.13653564453125,39525700,0.0,0.0,AAPL
2025-06-26 00:00:00-04:00,201.00678701240994,202.2142514946699,199.04094000321476,200.57769775390625,50799100,0.0,0.0,AAPL
2025-06-27 00:00:00-04:00,201.4658274879402,202.7930349784745,199.57979899649257,200.65753173828125,73188600,0.0,0.0,AAPL
2025-06-30 00:00:00-04:00,201.58557286233471,206.95427439094752,198.84135059390303,204.7389373779297,91912800,0.0,0.0,AAPL
2025-07-01 00:00:00-04:00,206.23578409144605,209.74839282792448,205.70689884063935,207.3833770751953,78788900,0.0,0.0,AAPL
2025-07-02 00:00:00-04:00,208.47108532398713,212.8917706186518,207.7026988246806,211.99366760253906,67941800,0.0,0.0,AAPL
2025-07-03 00:00:00-04:00,211.70428104663077,214.19902871499423,211.36499901814886,213.10134887695312,34955800,0.0,0.0,AAPL
2025-07-07 00:00:00-04:00,212.23315593085263,215.77570049162512,208.36131809352125,209.50889587402344,50229000,0.0,0.0,AAPL
2025-07-08 00:00:00-04:00,209.658593847986,210.98578616820197,208.01205130024096,209.5687713623047,42848900,0.0,0.0,AAPL
2025-07-09 00:00:00-04:00,209.0897778625777,210.8859991217609,206.78463359109693,210.69639587402344,48749400,0.0,0.0,AAPL
2025-07-10 00:00:00-04:00,210.06771262581316,213.03147386855414,209.58872537016995,211.96372985839844,44443600,0.0,0.0,AAPL
2025-07-11 00:00:00-04:00,210.12759762046792,211.68431760849728,209.41908263784933,210.7163543701172,39765800,0.0,0.0,AAPL
2025-07-14 00:00:00-04:00,209.48893166698292,210.46688365912564,207.10395364435493,208.1816864013672,38840100,0.0,0.0,AAPL
2025-07-15 00:00:00-04:00,208.7804390594974,211.44482767792792,208.48106630115817,208.67066955566406,42296300,0.0,0.0,AAPL
2025-07-16 00:00:00-04:00,209.8581806046168,211.95375954691573,208.2016644692293,209.71847534179688,47490500,0.0,0.0,AAPL
2025-07-17 00:00:00-04:00,210.12759810142074,211.3550095983717,209.14964612579556,209.57875061035156,48068100,0.0,0.0,AAPL
2025-07-18 00:00:00-04:00,210.42696659875526,211.34503189230253,209.25942654413325,210.73631286621094,48974600,0.0,0.0,AAPL
2025-07-21 00:00:00-04:00,211.65437808070223,215.3266389893317,211.18536434566,212.0335693359375,51377400,0.0,0.0,AAPL
2025-07-22 00:00:00-04:00,212.69220709721728,214.49840197701596,211.78411528941558,213.94955444335938,46404100,0.0,0.0,AAPL
2025-07-23 00:00:00-04:00,214.54829351654996,214.69797228179937,211.9637386583707,213.7000732421875,46989300,0.0,0.0,AAPL
2025-07-24 00:00:00-04:00,213.45058781785585,215.2368355364858,213.08137006420023,213.31088256835938,46022600,0.0,0.0,AAPL
2025-07-25 00:00:00-04:00,214.24891808809048,214.7877920897316,212.95164630742312,213.43064880371094,40268800,0.0,0.0,AAPL
2025-07-28 00:00:00-04:00,213.5803337758995,214.39861831079742,212.61237047326716,213.6002960205078,37858000,0.0,0.0,AAPL
2025-07-29 00:00:00-04:00,213.73000061776605,214.3586818606333,210.37707459375494,210.8261260986328,51411700,0.0,0.0,AAPL
2025-07-30 00:00:00-04:00,211.454797150492,211.94377315400357,207.28358653790625,208.6107940673828,45512500,0.0,0.0,AAPL
2025-07-31 00:00:00-04:00,208.0519764228089,209.39913099136336,206.72476887181696,207.1339111328125,80698400,0.0,0.0,AAPL
2025-08-01 00:00:00-04:00,210.4269720875647,213.1312852679161,201.07666267114303,201.95481872558594,104434500,0.0,0.0,AAPL
2025-08-04 00:00:00-04:00,204.0803265791815,207.44325668811337,201.25627047720934,202.9227752685547,75109300,0.0,0.0,AAPL
2025-08-05 00:00:00-04:00,202.97265486934364,204.90858140720596,201.73526982787092,202.49366760253906,44155100,0.0,0.0,AAPL
2025-08-06 00:00:00-04:00,205.19798558200998,214.9275012748427,205.15806109322384,212.80197143554688,108483100,0.0,0.0,AAPL
2025-08-07 00:00:00-04:00,218.42014073215765,220.38600300495352,216.12496995802366,219.56771850585938,90224800,0.0,0.0,AAPL
2025-08-08 00:00:00-04:00,220.36604479784603,230.5146761138317,218.78936250198095,228.86814880371094,113854000,0.0,0.0,AAPL
2025-08-11 00:00:00-04:00,227.6992650180531,229.33767612130436,224.54232171734583,226.95997619628906,61806100,0.26,0.0,AAPL
2025-08-12 00:00:00-04:00,227.78917070894937,230.57647717809445,226.8500938879156,229.42758178710938,55626200,0.0,0.0,AAPL
2025-08-13 00:00:00-04:00,230.8462285986664,234.77241529044048,230.2068337695816,233.10403442382812,69878500,0.0,0.0,AAPL
2025-08-14 00:00:00-04:00,233.83332460758467,234.89229562265464,230.6264418350812,232.5545654296875,51916300,0.0,0.0,AAPL
2025-08-15 00:00:00-04:00,233.77337703316005,234.0531046408583,229.11788646444978,231.36570739746094,56038700,0.0,0.0,AAPL
2025-08-18 00:00:00-04:00,231.47561022214762,232.89423321308522,229.88715369469057,230.66639709472656,37476200,0.0,0.0,AAPL
2025-08-19 00:00:00-04:00,231.05601964615855,232.64447617946885,229.1278960385577,230.3367156982422,39402600,0.0,0.0,AAPL
2025-08-20 00:00:00-04:00,229.75726351111018,230.24679444121838,225.55134937034353,225.79110717773438,42263900,0.0,0.0,AAPL
2025-08-21 00:00:00-04:00,226.05087353353895,226.30063142153253,223.56327948127884,224.68218994140625,30621200,0.0,0.0,AAPL
2025-08-22 00:00:00-04:00,225.95095699429655,228.8681272027074,225.1916985271248,227.53941345214844,42477800,0.0,0.0,AAPL
2025-08-25 00:00:00-04:00,226.26065308481304,229.07792927219558,226.01089520624416,226.94000244140625,30983100,0.0,0.0,AAPL
2025-08-26 00:00:00-04:00,226.65028173376106,229.26775474756235,224.4724002828088,229.08792114257812,54575100,0.0,0.0,AAPL
2025-08-27 00:00:00-04:00,228.38860049855515,230.676376013076,228.03893336267103,230.26678466796875,31259500,0.0,0.0,AAPL
2025-08-28 00:00:00-04:00,230.59647266873003,233.18396075811214,229.11789497993007,232.33477783203125,38074700,0.0,0.0,AAPL
2025-08-29 00:00:00-04:00,232.28481317583598,233.15398096397084,231.145917853049,231.91517639160156,39418400,0.0,0.0,AAPL
2025-09-02 00:00:00-04:00,229.02798202980685,230.62643860177437,226.75019132336067,229.49752807617188,44075600,0.0,0.0,AAPL
2025-09-03 00:00:00-04:00,236.98028515930878,238.6186963224971,234.133039090421,238.2390594482422,66427800,0.0,0.0,AAPL
2025-09-04 00:00:00-04:00,238.21906152531412,239.66765417218173,236.51072617258424,239.5477752685547,47549400,0.0,0.0,AAPL
2025-09-05 00:00:00-04:00,239.76756781945676,241.08629675958926,238.25903569310344,239.45787048339844,54870400,0.0,0.0,AAPL
2025-09-08 00:00:00-04:00,239.06825064349684,239.91741830634814,236.11111057683257,237.64962768554688,48999500,0.0,0.0,AAPL
2025-09-09 00:00:00-04:00,236.77047435136637,238.5487492683241,233.13400016518182,234.123046875,66313900,0.0,0.0,AAPL
2025-09-10 00:00:00-04:00,231.96513778704139,232.19491077497392,225.73117543382176,226.5703582763672,83440800,0.0,0.0,AAPL
2025-09-11 00:00:00-04:00,226.66027725307507,230.22681187017153,226.43048902665416,229.80722045898438,50208600,0.0,0.0,AAPL
2025-09-12 00:00:00-04:00,228.9980136278554,234.28288383192944,228.79821036620638,233.84332275390625,55824200,0.0,0.0,AAPL
2025-09-15 00:00:00-04:00,236.77047667310174,237.95932665324483,234.80238330570734,236.47076416015625,42699500,0.0,0.0,AAPL
2025-09-16 00:00:00-04:00,236.9502954777413,240.98639147239973,236.09114297984144,237.9193572998047,63421100,0.0,0.0,AAPL
2025-09-17 00:00:00-04:00,238.73857528095925,239.86748583209587,237.4997706474641,238.75856018066406,46508000,0.0,0.0,AAPL
2025-09-18 00:00:00-04:00,239.737599946219,240.9664044724694,236.4208079152849,237.64962768554688,44249600,0.0,0.0,AAPL
2025-09-19 00:00:00-04:00,240.99636870073516,246.06146581163878,239.9773675285625,245.26223754882812,163741300,0.0,0.0,AAPL
2025-09-22 00:00:00-04:00,248.05953649140056,256.3914711896616,247.8797028858207,255.8319854736328,105517400,0.0,0.0,AAPL
2025-09-23 00:00:00-04:00,255.63220171436936,257.0907792625319,253.33442606621003,254.18359375,60275200,0.0,0.0,AAPL
2025-09-24 00:00:00-04:00,254.9728287261993,255.4923293909784,250.79686899703333,252.06564331054688,42303700,0.0,0.0,AAPL
2025-09-25 00:00:00-04:00,252.96477212582877,256.9209435623003,251.466224879955,256.6212158203125,55202100,0.0,0.0,AAPL
2025-09-26 00:00:00-04:00,253.8539172209246,257.3505275669758,253.5342198150173,255.2126007080078,46076300,0.0,0.0,AAPL
2025-09-29 00:00:00-04:00,254.31347273152574,254.75304905914027,252.76497075706976,254.18359375,40127700,0.0,0.0,AAPL
2025-09-30 00:00:00-04:00,254.61318058017173,255.67215158054225,252.8648753735947,254.38340759277344,37704300,0.0,0.0,AAPL
2025-10-01 00:00:00-04:00,254.7929996074261,258.53938316103813,254.6831055272507,255.20260620117188,48713900,0.0,0.0,AAPL
2025-10-02 00:00:00-04:00,256.33149581258533,257.9299523535748,253.9038565188199,256.8809814453125,42630200,0.0,0.0,AAPL
2025-10-03 00:00:00-04:00,254.42336451804394,258.9889308017334,253.70406057825727,257.7701110839844,49155600,0.0,0.0,AAPL
2025-10-06 00:00:00-04:00,257.7401350456914,258.819106172963,254.80299514816292,256.44140625,44664100,0.0,0.0,AAPL
2025-10-07 00:00:00-04:00,256.56129542181253,257.15072039039774,255.18262697514498,256.23162841796875,31955800,0.0,0.0,AAPL
2025-10-08 00:00:00-04:00,256.2715719294531,258.2696351050741,255.8619653198879,257.8100891113281,36496900,0.0,0.0,AAPL
2025-10-09 00:00:00-04:00,257.5603136690899,257.75013209688524,252.8948383011137,253.79396057128906,38322000,0.0,0.0,AAPL
2025-10-10 00:00:00-04:00,254.69310389004832,256.13171175032437,243.76369637579657,245.032470703125,61999100,0.0,0.0,AAPL
2025-10-13 00:00:00-04:00,249.13848619669534,249.44818352992385,245.32217845998096,247.42015075683594,38142900,0.0,0.0,AAPL
2025-10-14 00:00:00-04:00,246.36117950382103,248.60900042906025,244.46301046499008,247.53004455566406,35478000,0.0,0.0,AAPL
2025-10-15 00:00:00-04:00,249.24838988167792,251.5761352503302,247.2303418581919,249.09852600097656,33893600,0.0,0.0,AAPL
2025-10-16 00:00:00-04:00,248.00958596667436,248.79881419551728,244.8926123625184,247.21035766601562,39777000,0.0,0.0,AAPL
2025-10-17 00:00:00-04:00,247.77980070207627,253.13461023404025,247.03052706557392,252.045654296875,49147000,0.0,0.0,AAPL
2025-10-20 00:00:00-04:00,255.64218177653177,264.1239650925819,255.3824390623343,261.98602294921875,90483000,0.0,0.0,AAPL
2025-10-21 00:00:00-04:00,261.6263807259345,265.03308188579996,261.5764108568555,262.5155029296875,46695900,0.0,0.0,AAPL
2025-10-22 00:00:00-04:00,262.3956210979312,262.5954395959732,255.18261234613632,258.19970703125,45015300,0.0,0.0,AAPL
2025-10-23 00:00:00-04:00,259.68824995662277,260.36758405794774,257.76012648314656,259.3285827636719,32754900,0.0,0.0,AAPL
2025-10-24 00:00:00-04:00,260.93706434715574,263.87421967110856,258.9290010880386,262.56549072265625,38253700,0.0,0.0,AAPL
2025-10-27 00:00:00-04:00,264.6234656652487,268.8593494221352,264.3936774471076,268.5496520996094,44888200,0.0,0.0,AAPL
2025-10-28 00:00:00-04:00,268.7294713644567,269.6286240979669,267.8902885694659,268.7394714355469,41534800,0.0,0.0,AAPL
2025-10-29 00:00:00-04:00,269.01920560410514,271.1471476128123,266.85129379808274,269.4388122558594,51086700,0.0,0.0,AAPL
2025-10-30 00:00:00-04:00,271.72657092903916,273.87451306817263,268.2199910571769,271.13714599609375,69886500,0.0,0.0,AAPL
2025-10-31 00:00:00-04:00,276.721738255342,277.05143573891627,268.89933466249033,270.108154296875,86167100,0.0,0.0,AAPL
2025-11-03 00:00:00-05:00,270.15812755648943,270.5877038096653,265.9921525413924,268.7894287109375,50194600,0.0,0.0,AAPL
2025-11-04 00:00:00-05:00,268.0701070960229,271.22705027239556,267.36080327265466,269.7784729003906,49274800,0.0,0.0,AAPL
2025-11-05 00:00:00-05:00,268.3498399683747,271.43687417180433,266.67147434431234,269.8783874511719,43683100,0.0,0.0,AAPL
2025-11-06 00:00:00-05:00,267.6305743388968,273.1352174017799,267.6305743388968,269.50872802734375,51204000,0.0,0.0,AAPL
2025-11-07 00:00:00-05:00,269.5386899523433,272.02629915101613,266.51162568814635,268.2099914550781,48227400,0.0,0.0,AAPL
2025-11-10 00:00:00-05:00,268.9599914550781,273.7300109863281,267.4599914550781,269.42999267578125,41312400,0.26,0.0,AAPL
2025-11-11 00:00:00-05:00,269.80999755859375,275.9100036621094,269.79998779296875,275.25,46208300,0.0,0.0,AAPL
2025-11-12 00:00:00-05:00,275.0,275.7300109863281,271.70001220703125,273.4700012207031,48398000,0.0,0.0,AAPL
2025-11-13 00:00:00-05:00,274.1099853515625,276.70001220703125,272.0899963378906,272.95001220703125,49602800,0.0,0.0,AAPL
2025-11-14 00:00:00-05:00,271.04998779296875,275.9599914550781,269.6000061035156,272.4100036621094,47431300,0.0,0.0,AAPL
2025-11-17 00:00:00-05:00,268.82000732421875,270.489990234375,265.7300109863281,267.4599914550781,45018300,0.0,0.0,AAPL
2025-11-18 00:00:00-05:00,269.989990234375,270.7099914550781,265.32000732421875,267.44000244140625,45677300,0.0,0.0,AAPL
2025-11-19 00:00:00-05:00,265.5299987792969,272.2099914550781,265.5,268.55999755859375,40424500,0.0,0.0,AAPL
2025-11-20 00:00:00-05:00,270.8299865722656,275.42999267578125,265.9200134277344,266.25,45823600,0.0,0.0,AAPL
2025-11-21 00:00:00-05:00,265.95001220703125,273.3299865722656,265.6700134277344,271.489990234375,59030800,0.0,0.0,AAPL
2025-11-24 00:00:00-05:00,270.8999938964844,277.0,270.8999938964844,275.9200134277344,65585800,0.0,0.0,AAPL
2025-11-25 00:00:00-05:00,275.2699890136719,280.3800048828125,275.25,276.9700012207031,46914200,0.0,0.0,AAPL
2025-11-26 00:00:00-05:00,276.9599914550781,279.5299987792969,276.6300048828125,277.54998779296875,33431400,0.0,0.0,AAPL
2025-11-28 00:00:00-05:00,277.260009765625,279.0,275.989990234375,278.8500061035156,20135600,0.0,0.0,AAPL
2025-12-01 00:00:00-05:00,278.010009765625,283.4200134277344,276.1400146484375,283.1000061035156,46587700,0.0,0.0,AAPL
2025-12-02 00:00:00-05:00,283.0,287.3999938964844,282.6300048828125,286.19000244140625,53669500,0.0,0.0,AAPL
2025-12-03 00:00:00-05:00,286.20001220703125,288.6199951171875,283.29998779296875,284.1499938964844,43538700,0.0,0.0,AAPL
2025-12-04 00:00:00-05:00,284.1000061035156,284.7300109863281,278.5899963378906,280.70001220703125,43989100,0.0,0.0,AAPL
2025-12-05 00:00:00-05:00,280.5400085449219,281.1400146484375,278.04998779296875,278.7799987792969,47265800,0.0,0.0,AAPL
2025-12-08 00:00:00-05:00,278.1300048828125,279.6700134277344,276.1499938964844,277.8900146484375,38211800,0.0,0.0,AAPL
2025-12-09 00:00:00-05:00,278.1600036621094,280.0299987792969,276.9200134277344,277.17999267578125,32193300,0.0,0.0,AAPL
2025-12-10 00:00:00-05:00,277.75,279.75,276.44000244140625,278.7799987792969,33038300,0.0,0.0,AAPL
2025-12-11 00:00:00-05:00,279.1000061035156,279.5899963378906,273.80999755859375,278.0299987792969,33248000,0.0,0.0,AAPL
2025-12-12 00:00:00-05:00,277.8999938964844,279.2200012207031,276.82000732421875,278.2799987792969,39532900,0.0,0.0,AAPL
2025-12-15 00:00:00-05:00,280.1499938964844,280.1499938964844,272.8399963378906,274.1099853515625,50409100,0.0,0.0,AAPL
2025-12-16 00:00:00-05:00,272.82000732421875,275.5,271.7900085449219,274.6099853515625,37648600,0.0,0.0,AAPL
2025-12-17 00:00:00-05:00,275.010009765625,276.1600036621094,271.6400146484375,271.8399963378906,50138700,0.0,0.0,AAPL
2025-12-18 00:00:00-05:00,273.6099853515625,273.6300048828125,266.95001220703125,272.19000244140625,51630700,0.0,0.0,AAPL
2025-12-19 00:00:00-05:00,272.1499938964844,274.6000061035156,269.8999938964844,273.6700134277344,144632000,0.0,0.0,AAPL
2025-12-22 00:00:00-05:00,272.8599853515625,273.8800048828125,270.510009765625,270.9700012207031,36571800,0.0,0.0,AAPL
2025-12-23 00:00:00-05:00,270.8399963378906,272.5,269.55999755859375,272.3599853515625,29642000,0.0,0.0,AAPL
2025-12-24 00:00:00-05:00,272.3399963378906,275.42999267578125,272.20001220703125,273.80999755859375,17910600,0.0,0.0,AAPL
2025-12-26 00:00:00-05:00,274.1600036621094,275.3699951171875,272.8599853515625,273.3999938964844,21521800,0.0,0.0,AAPL
2025-12-29 00:00:00-05:00,272.69000244140625,274.3599853515625,272.3500061035156,273.760009765625,23715200,0.0,0.0,AAPL
2025-12-30 00:00:00-05:00,272.80999755859375,274.0799865722656,272.2799987792969,273.0799865722656,22139600,0.0,0.0,AAPL
2025-12-31 00:00:00-05:00,273.05999755859375,273.67999267578125,271.75,271.8599853515625,27293600,0.0,0.0,AAPL
2026-01-02 00:00:00-05:00,272.260009765625,277.8399963378906,269.0,271.010009765625,37838100,0.0,0.0,AAPL
2026-01-05 00:00:00-05:00,270.6400146484375,271.510009765625,266.1400146484375,267.260009765625,45647200,0.0,0.0,AAPL
2026-01-06 00:00:00-05:00,267.0,267.54998779296875,262.1199951171875,262.3599853515625,52352100,0.0,0.0,AAPL
2026-01-07 00:00:00-05:00,263.20001220703125,263.67999267578125,259.80999755859375,260.3299865722656,48309800,0.0,0.0,AAPL
2026-01-08 00:00:00-05:00,257.0199890136719,259.2900085449219,255.6999969482422,259.0400085449219,50419300,0.0,0.0,AAPL
2026-01-09 00:00:00-05:00,259.0799865722656,260.2099914550781,256.2200012207031,259.3699951171875,39997000,0.0,0.0,AAPL
2026-01-12 00:00:00-05:00,259.1600036621094,261.29998779296875,256.79998779296875,260.25,45263800,0.0,0.0,AAPL
2026-01-13 00:00:00-05:00,258.7200012207031,261.80999755859375,258.3900146484375,261.04998779296875,45730800,0.0,0.0,AAPL
2026-01-14 00:00:00-05:00,259.489990234375,261.82000732421875,256.7099914550781,259.9599914550781,40019400,0.0,0.0,AAPL
2026-01-15 00:00:00-05:00,260.6499938964844,261.0400085449219,257.04998779296875,258.2099914550781,39388600,0.0,0.0,AAPL
2026-01-16 00:00:00-05:00,257.8999938964844,258.8999938964844,254.92999267578125,255.52999877929688,72142800,0.0,0.0,AAPL
2026-01-20 00:00:00-05:00,252.72999572753906,254.7899932861328,243.4199981689453,246.6999969482422,80267500,0.0,0.0,AAPL
2026-01-21 00:00:00-05:00,248.6999969482422,251.55999755859375,245.17999267578125,247.64999389648438,54641700,0.0,0.0,AAPL
2026-01-22 00:00:00-05:00,249.1999969482422,251.0,248.14999389648438,248.35000610351562,39708300,0.0,0.0,AAPL
2026-01-23 00:00:00-05:00,247.32000732421875,249.41000366210938,244.67999267578125,248.0399932861328,41689000,0.0,0.0,AAPL
2026-01-26 00:00:00-05:00,251.47999572753906,256.55999755859375,249.8000030517578,255.41000366210938,55969200,0.0,0.0,AAPL
2026-01-27 00:00:00-05:00,259.1700134277344,261.95001220703125,258.2099914550781,258.2699890136719,49648300,0.0,0.0,AAPL
2026-01-28 00:00:00-05:00,257.6499938964844,258.8599853515625,254.50999450683594,256.44000244140625,41288000,0.0,0.0,AAPL
2026-01-29 00:00:00-05:00,258.0,259.6499938964844,254.41000366210938,258.2799987792969,67253000,0.0,0.0,AAPL
2026-01-30 00:00:00-05:00,255.1699981689453,261.8999938964844,252.17999267578125,259.4800109863281,92443400,0.0,0.0,AAPL
2026-02-02 00:00:00-05:00,260.0299987792969,270.489990234375,259.2099914550781,270.010009765625,73913400,0.0,0.0,AAPL
2026-02-03 00:00:00-05:00,269.1300048828125,271.875,267.6099853515625,269.875,44202579,0.0,0.0,AAPL
2025-02-03 00:00:00-05:00,408.5859629677824,412.36806087424213,405.6674894234756,407.91094970703125,25679100,0.0,0.0,MSFT
2025-02-04 00:00:00-05:00,409.66794472749183,410.8889485554991,406.7395349510832,409.35028076171875,20532100,0.0,0.0,MSFT
2025-02-05 00:00:00-05:00,409.33046130378085,410.7996042139957,407.39472859021873,410.2635803222656,16316700,0.0,0.0,MSFT
2025-02-06 00:00:00-05:00,410.96837509421607,415.13763159687187,410.96837509421607,412.7750549316406,16309800,0.0,0.0,MSFT
2025-02-07 00:00:00-05:00,413.4302096384315,415.58430218979566,405.1115698860282,406.7494812011719,22886800,0.0,0.0,MSFT
2025-02-10 00:00:00-05:00,410.6804954197058,412.41768060214906,407.91094771202364,409.201416015625,20817900,0.0,0.0,MSFT
2025-02-11 00:00:00-05:00,406.64031711794166,409.4694230026259,406.30278019920314,408.4271240234375,18140600,0.0,0.0,MSFT
2025-02-12 00:00:00-05:00,404.2280919312538,407.742177856358,401.40889219439293,406.0447082519531,19121700,0.0,0.0,MSFT
2025-02-13 00:00:00-05:00,404.0196662720706,407.99037552290173,403.384338250766,407.53375244140625,23891700,0.0,0.0,MSFT
2025-02-14 00:00:00-05:00,404.80385028408716,405.91564391864586,402.9078331667541,405.43914794921875,22758500,0.0,0.0,MSFT
2025-02-18 00:00:00-05:00,405.012314606688,407.593281493885,403.5232987441634,406.64031982421875,21423100,0.0,0.0,MSFT
2025-02-19 00:00:00-05:00,404.89322664533626,412.4474864443749,404.66489995782183,411.7327575683594,24114200,0.0,0.0,MSFT
2025-02-20 00:00:00-05:00,413.0755545581438,417.07410775463984,410.3402184035009,413.91107177734375,23508700,0.83,0.0,MSFT
2025-02-21 00:00:00-05:00,415.11458446579724,415.8207899827264,405.71499358869687,406.03326416015625,27524800,0.0,0.0,MSFT
2025-02-24 00:00:00-05:00,406.3316944915949,407.1870941067446,397.1906962904959,401.8457336425781,26443700,0.0,0.0,MSFT
2025-02-25 00:00:00-05:00,398.9612079589026,399.77684273234365,394.58467628789543,395.77825927734375,29387400,0.0,0.0,MSFT
2025-02-26 00:00:00-05:00,395.8877115559134,401.44790050472056,392.1477511905504,397.5985412597656,19619000,0.0,0.0,MSFT
2025-02-27 00:00:00-05:00,399.1302439589128,403.57640920067746,390.078793376817,390.4368591308594,21127400,0.0,0.0,MSFT
2025-02-28 00:00:00-05:00,390.5662102627109,395.50970978817173,384.50868780557136,394.87310791015625,32845700,0.0,0.0,MSFT
2025-03-03 00:00:00-05:00,396.693360360252,396.693360360252,384.1008642400347,386.4184265136719,23007700,0.0,0.0,MSFT
2025-03-04 00:00:00-05:00,381.3555708063787,390.48661254503907,378.9683745181786,386.53778076171875,29342900,0.0,0.0,MSFT
2025-03-05 00:00:00-05:00,387.2639110911412,399.52818059067016,386.73673843465946,398.8816223144531,23433100,0.0,0.0,MSFT
2025-03-06 00:00:00-05:00,392.1775528184261,400.00558222724027,390.5860785359009,394.7736511230469,23304600,0.0,0.0,MSFT
2025-03-07 00:00:00-05:00,390.2280572001935,392.6948137819321,383.4842110998894,391.2127685546875,22034100,0.0,0.0,MSFT
2025-03-10 00:00:00-04:00,383.7825787420743,384.3395902213564,375.20854809150063,378.13287353515625,32840100,0.0,0.0,MSFT
2025-03-11 00:00:00-04:00,376.9790454259089,383.9417190881288,374.900193646485,378.42132568359375,30380200,0.0,0.0,MSFT
2025-03-12 00:00:00-04:00,380.9080172396425,383.1659020465141,376.92934634163805,381.2262878417969,24253600,0.0,0.0,MSFT
2025-03-13 00:00:00-04:00,381.11688044146297,383.2653663209318,375.4373363609022,376.7502746582031,20473000,0.0,0.0,MSFT
2025-03-14 00:00:00-04:00,377.7548866940246,388.1491759928466,377.48633735073093,386.4880676269531,19952800,0.0,0.0,MSFT
2025-03-17 00:00:00-04:00,384.6380144395121,390.61594671729495,383.51403507382423,386.6273498535156,22474300,0.0,0.0,MSFT
2025-03-18 00:00:00-04:00,385.0060336134189,385.3044217812384,379.06786623501773,381.4749450683594,19486900,0.0,0.0,MSFT
2025-03-19 00:00:00-04:00,383.47421674907764,387.6020814133235,381.9523764633006,385.75201416015625,19185500,0.0,0.0,MSFT
2025-03-20 00:00:00-04:00,383.68311164841384,389.70086948967395,381.2362375881449,384.7772521972656,18470500,0.0,0.0,MSFT
2025-03-21 00:00:00-04:00,381.1765391094654,389.65109658333733,380.7587653391681,389.1736755371094,39675900,0.0,0.0,MSFT
2025-03-24 00:00:00-04:00,393.2916146921325,393.2916146921325,387.7314257194749,390.9839782714844,21004500,0.0,0.0,MSFT
2025-03-25 00:00:00-04:00,391.8194783223531,394.2464393645113,390.5463049956332,393.0528564453125,15775000,0.0,0.0,MSFT
2025-03-26 00:00:00-04:00,392.89374127883343,393.2020858372719,386.49803525659746,387.89056396484375,16108400,0.0,0.0,MSFT
2025-03-27 00:00:00-04:00,388.04970169840396,390.1484359049866,385.33424804034394,388.4972839355469,13766800,0.0,0.0,MSFT
2025-03-28 00:00:00-04:00,386.01060482786494,387.05502406399853,374.920066699825,376.78009033203125,21632000,0.0,0.0,MSFT
2025-03-31 00:00:00-04:00,370.5535270615956,375.05937069382594,365.2817698451425,373.3883361816406,35184700,0.0,0.0,MSFT
2025-04-01 00:00:00-04:00,372.6522059403994,380.8084923075966,371.2397949635195,380.1520080566406,19689500,0.0,0.0,MSFT
2025-04-02 00:00:00-04:00,375.95451763350314,383.02658976778645,374.61171028950673,380.102294921875,16092600,0.0,0.0,MSFT
2025-04-03 00:00:00-04:00,372.79148704012755,375.4671453752222,367.38049274092737,371.12042236328125,30198000,0.0,0.0,MSFT
2025-04-04 00:00:00-04:00,362.1883054506824,372.59251968554776,357.56310734248,357.9211730957031,49209900,0.0,0.0,MSFT
2025-04-07 00:00:00-04:00,349.00899091860083,369.0216992388769,342.95146855480857,355.9517517089844,50425000,0.0,0.0,MSFT
2025-04-08 00:00:00-04:00,366.2963320079612,371.65757505461033,348.38235725741856,352.66937255859375,35868900,0.0,0.0,MSFT
2025-04-09 00:00:00-04:00,351.65482301024804,391.13318598606264,351.2171667990214,388.40777587890625,50199700,0.0,0.0,MSFT
2025-04-10 00:00:00-04:00,380.02273387837465,381.85291877896515,365.838762955237,379.3165283203125,38024400,0.0,0.0,MSFT
2025-04-11 00:00:00-04:00,378.61031016462425,387.97010607095405,376.86964177115533,386.378662109375,23839200,0.0,0.0,MSFT
2025-04-14 00:00:00-04:00,391.1232211496066,392.54558862795363,382.1612557582716,385.7420654296875,19251200,0.0,0.0,MSFT
2025-04-15 00:00:00-04:00,386.4383315419063,389.80031299588615,382.11152127039287,383.67315673828125,17199900,0.0,0.0,MSFT
2025-04-16 00:00:00-04:00,378.6401344902522,379.5750941222194,366.03768244767394,369.62841796875,21967800,0.0,0.0,MSFT
2025-04-17 00:00:00-04:00,371.757014425277,372.32398224080106,364.9336092793292,365.81884765625,21120200,0.0,0.0,MSFT
2025-04-21 00:00:00-04:00,360.88536094814043,362.53651305850417,353.7734925946294,357.205078125,20807300,0.0,0.0,MSFT
2025-04-22 00:00:00-04:00,361.44235434917846,365.80892977570767,357.94110461161955,364.864013671875,19485000,0.0,0.0,MSFT
2025-04-23 00:00:00-04:00,374.05472426245655,378.3616523034824,371.0309260243866,372.3936462402344,20545500,0.0,0.0,MSFT
2025-04-24 00:00:00-04:00,373.696621578229,386.37863321068227,373.18933139938025,385.2347412109375,22232300,0.0,0.0,MSFT
2025-04-25 00:00:00-04:00,384.93638434344297,390.068873110604,382.54918803088736,389.7605285644531,18973200,0.0,0.0,MSFT
2025-04-28 00:00:00-04:00,389.86991018310994,390.6457497092271,384.5783015368256,389.0741882324219,16579400,0.0,0.0,MSFT
2025-04-29 00:00:00-04:00,389.2134328165618,392.99318803647833,388.2983555925269,391.9388427734375,14974000,0.0,0.0,MSFT
2025-04-30 00:00:00-04:00,388.21877036685504,394.54487238441686,382.39003252749313,393.15234375,36461100,0.0,0.0,MSFT
2025-05-01 00:00:00-04:00,428.81116623183453,434.65981700987567,422.6342884776108,423.1316223144531,58938100,0.0,0.0,MSFT
2025-05-02 00:00:00-04:00,429.43779144193553,437.0967443095362,427.69712309519423,432.95892333984375,30757400,0.0,0.0,MSFT
2025-05-05 00:00:00-04:00,430.5617862640975,437.15643772408293,429.80582912695047,433.8442077636719,20136100,0.0,0.0,MSFT
2025-05-06 00:00:00-04:00,429.89535368794753,435.3958643635025,428.87084726264027,430.9994201660156,15104200,0.0,0.0,MSFT
2025-05-07 00:00:00-04:00,431.5266230555768,435.7837995157977,428.8111693588705,431.03924560546875,23295300,0.0,0.0,MSFT
2025-05-08 00:00:00-04:00,435.5948162408885,441.30422944958144,433.3369315017373,435.83355712890625,23491300,0.0,0.0,MSFT
2025-05-09 00:00:00-04:00,437.6537503899646,438.38979471116045,433.55572467490674,436.3905334472656,15324200,0.0,0.0,MSFT
2025-05-12 00:00:00-04:00,443.5621064267163,446.9738092745622,437.43494989219903,446.8644104003906,22821900,0.0,0.0,MSFT
2025-05-13 00:00:00-04:00,445.392292323668,448.2668964878236,442.9851831830833,446.74505615234375,23618800,0.0,0.0,MSFT
2025-05-14 00:00:00-04:00,445.75038756339603,451.4796527444761,445.75038756339603,450.5247802734375,19902800,0.0,0.0,MSFT
2025-05-15 00:00:00-04:00,449.1894881249397,454.5904977674882,448.85068389062144,451.5412292480469,21992300,0.83,0.0,MSFT
2025-05-16 00:00:00-04:00,450.4649678139624,452.7668658429008,447.15663182075053,452.67718505859375,23849800,0.0,0.0,MSFT
2025-05-19 00:00:00-04:00,449.29907263869796,457.9785240250479,449.2193361148497,457.26104736328125,21336500,0.0,0.0,MSFT
2025-05-20 00:00:00-04:00,453.9925667897047,456.73292449884485,452.72703072274504,456.56353759765625,15441800,0.0,0.0,MSFT
2025-05-21 00:00:00-04:00,452.97617231921885,456.1749087494066,450.2258398312579,450.9831848144531,19216900,0.0,0.0,MSFT
2025-05-22 00:00:00-04:00,453.3548479183862,458.63625267798704,452.30851122486644,453.26513671875,18025600,0.0,0.0,MSFT
2025-05-23 00:00:00-04:00,448.402251486361,452.09923464302557,447.33599591595265,448.6015319824219,16883500,0.0,0.0,MSFT
2025-05-27 00:00:00-04:00,454.87947686866386,459.33380513701957,454.5207233060155,459.07470703125,20974300,0.0,0.0,MSFT
2025-05-28 00:00:00-04:00,459.60282918231184,460.8982588383752,455.3278626603832,455.75634765625,17086300,0.0,0.0,MSFT
2025-05-29 00:00:00-04:00,459.93167902845283,460.10109634693043,453.71356774793736,457.0717468261719,13974800,0.0,0.0,MSFT
2025-05-30 00:00:00-04:00,458.1080789456966,460.06119805700706,453.942742633105,458.7458190917969,34770500,0.0,0.0,MSFT
2025-06-02 00:00:00-04:00,455.53716828611505,460.48971303831235,455.2880448481698,460.3502197265625,16626500,0.0,0.0,MSFT
2025-06-03 00:00:00-04:00,459.85193916930956,462.51259067234093,459.2440622117471,461.3466796875,15743800,0.0,0.0,MSFT
2025-06-04 00:00:00-04:00,462.3730793208357,464.05715611586317,461.3965045417047,462.2435302734375,14162700,0.0,0.0,MSFT
2025-06-05 00:00:00-04:00,463.3296970825432,468.00325491639626,462.4029652503908,466.0401611328125,20131700,0.0,0.0,MSFT
2025-06-06 00:00:00-04:00,468.4417517005521,471.6803564462113,467.13634729745564,468.7307434082031,15285600,0.0,0.0,MSFT
2025-06-09 00:00:00-04:00,468.05311353771793,471.77001565920176,466.9768832876908,471.0924072265625,16469900,0.0,0.0,MSFT
2025-06-10 00:00:00-04:00,469.53790223355384,471.14224260725143,465.3227226358238,469.26885986328125,15375900,0.0,0.0,MSFT
2025-06-11 00:00:00-04:00,468.37197033665615,473.80287330978865,468.01324719222674,470.9628601074219,16399200,0.0,0.0,MSFT
2025-06-12 00:00:00-04:00,473.3544415367432,478.73553201697933,471.8597009390277,477.1909484863281,18950600,0.0,0.0,MSFT
2025-06-13 00:00:00-04:00,474.7395752703882,477.4998519181197,471.1023792861798,473.2946472167969,16814500,0.0,0.0,MSFT
2025-06-16 00:00:00-04:00,473.5437784887318,479.00457509504827,473.3345233196989,477.46002197265625,15626100,0.0,0.0,MSFT
2025-06-17 00:00:00-04:00,473.7331030955977,477.06138843382047,472.4177241014044,476.3638610839844,15414100,0.0,0.0,MSFT
2025-06-18 00:00:00-04:00,476.3239856832242,479.313466764918,472.7963894918646,478.5561218261719,17526500,0.0,0.0,MSFT
2025-06-20 00:00:00-04:00,480.53918652379775,481.76485435953526,475.1979642712812,475.7261047363281,37576200,0.0,0.0,MSFT
2025-06-23 00:00:00-04:00,476.53326469371973,486.0398235242553,470.853268600571,484.29595947265625,24864000,0.0,0.0,MSFT
2025-06-24 00:00:00-04:00,487.23560408546166,490.1254297173699,485.0931183138473,488.3915100097656,22305600,0.0,0.0,MSFT
2025-06-25 00:00:00-04:00,490.3148017263918,492.8259550719198,487.67409932543603,490.5439758300781,17495100,0.0,0.0,MSFT
2025-06-26 00:00:00-04:00,491.2514824256969,496.29373818928514,491.08206511354325,495.705810546875,21578900,0.0,0.0,MSFT
2025-06-27 00:00:00-04:00,495.80545117387857,497.54931522943417,491.30131038962224,494.20111083984375,34539200,0.0,0.0,MSFT
2025-06-30 00:00:00-04:00,495.2972567719388,499.0042146991214,493.5932305818623,495.66595458984375,28369000,0.0,0.0,MSFT
2025-07-01 00:00:00-04:00,494.729222512998,496.30366915943387,489.2584818970934,490.32470703125,19945400,0.0,0.0,MSFT
2025-07-02 00:00:00-04:00,488.2719538404123,491.76965656989233,486.98649882219644,489.36810302734375,16319600,0.0,0.0,MSFT
2025-07-03 00:00:00-04:00,492.07857999859937,498.3764278450543,491.7098821739863,497.0909423828125,13984800,0.0,0.0,MSFT
2025-07-07 00:00:00-04:00,495.6360493014733,497.0012408266234,493.4935938943106,495.974853515625,13981600,0.0,0.0,MSFT
2025-07-08 00:00:00-04:00,495.4965138505155,496.4531696907806,492.3774837277821,494.8786926269531,11846600,0.0,0.0,MSFT
2025-07-09 00:00:00-04:00,498.54580110123976,505.003091421344,497.98776704512187,501.74456787109375,18659500,0.0,0.0,MSFT
2025-07-10 00:00:00-04:00,501.2861517097084,502.67129257213526,496.0047471787155,499.7216796875,16492100,0.0,0.0,MSFT
2025-07-11 00:00:00-04:00,496.72220586888017,503.25920197660867,496.05454172265075,501.5552062988281,16459500,0.0,0.0,MSFT
2025-07-14 00:00:00-04:00,499.7615155353931,502.2029372942231,499.273243347857,501.2562561035156,12058800,0.0,0.0,MSFT
2025-07-15 00:00:00-04:00,501.2562471634966,506.51773265302506,501.027073076573,504.04644775390625,14927200,0.0,0.0,MSFT
2025-07-16 00:00:00-04:00,503.40870828332856,504.9433171823036,500.1302657221866,503.84716796875,15154400,0.0,0.0,MSFT
2025-07-17 00:00:00-04:00,503.9069415603956,511.5699807689203,503.84715436950415,509.9058532714844,17503100,0.0,0.0,MSFT
2025-07-18 00:00:00-04:00,512.6760564474737,512.8355294984256,505.6507880659733,508.2615966796875,21209700,0.0,0.0,MSFT
2025-07-21 00:00:00-04:00,504.93334625634344,510.29451797884275,503.777409841716,508.2716064453125,14066800,0.0,0.0,MSFT
2025-07-22 00:00:00-04:00,509.1784090675831,509.40761357627605,503.4983825683594,503.4983825683594,13868600,0.0,0.0,MSFT
2025-07-23 00:00:00-04:00,504.97317174446385,505.01304000657746,498.94439715180334,504.09625244140625,16396600,0.0,0.0,MSFT
2025-07-24 00:00:00-04:00,506.98612743645725,511.86894085644093,505.5212803694045,509.0887451171875,16107000,0.0,0.0,MSFT
2025-07-25 00:00:00-04:00,510.67314061143924,516.4727417364818,508.57055332296227,511.9088439941406,19125700,0.0,0.0,MSFT
2025-07-28 00:00:00-04:00,512.2775105607909,513.1942677567645,508.3313735189307,510.7030334472656,14308000,0.0,0.0,MSFT
2025-07-29 00:00:00-04:00,513.7224399565682,515.8050777848653,509.7663282358281,510.7727966308594,16469200,0.0,0.0,MSFT
2025-07-30 00:00:00-04:00,513.3636552782116,514.1409495778635,507.6537656967309,511.4404296875,26380400,0.0,0.0,MSFT
2025-07-31 00:00:00-04:00,553.2831833968122,553.5024436401114,530.0350289229713,531.62939453125,51617300,0.0,0.0,MSFT
2025-08-01 00:00:00-04:00,533.1241083924594,533.9212911566675,519.0336734352546,522.2722778320312,28977600,0.0,0.0,MSFT
2025-08-04 00:00:00-04:00,526.4177481275262,536.3627358241171,526.2782244119826,533.7619018554688,25349000,0.0,0.0,MSFT
2025-08-05 00:00:00-04:00,535.2964641743647,535.41603854948,525.3913146279989,525.8995361328125,19171600,0.0,0.0,MSFT
2025-08-06 00:00:00-04:00,529.0385508551038,529.8357336828143,522.1926437275052,523.0994262695312,21355700,0.0,0.0,MSFT
2025-08-07 00:00:00-04:00,524.9528573399085,526.2383731099006,515.735290819572,519.0137939453125,16079100,0.0,0.0,MSFT
2025-08-08 00:00:00-04:00,520.7676288144971,522.8204035830947,517.5888112007746,520.2095947265625,15531000,0.0,0.0,MSFT
2025-08-11 00:00:00-04:00,520.4686618064882,525.7401525514866,517.8976909591346,519.9405517578125,20194400,0.0,0.0,MSFT
2025-08-12 00:00:00-04:00,521.9135974657331,529.1182277589118,520.8672912006765,527.3843383789062,18667000,0.0,0.0,MSFT
2025-08-13 00:00:00-04:00,530.244240271181,530.8321983067945,517.5489204522431,518.7546997070312,19619200,0.0,0.0,MSFT
2025-08-14 00:00:00-04:00,520.7277467800332,524.1058750288076,518.3162490497452,520.6480102539062,20269100,0.0,0.0,MSFT
2025-08-15 00:00:00-04:00,520.9370505811125,524.255330935539,517.2599862571353,518.3461303710938,25213300,0.0,0.0,MSFT
2025-08-18 00:00:00-04:00,519.7611730136332,520.9868407954262,512.2177084457264,515.286865234375,23760600,0.0,0.0,MSFT
2025-08-19 00:00:00-04:00,513.1942782099028,513.3536904476517,506.7668813962475,507.98260498046875,21481000,0.0,0.0,MSFT
2025-08-20 00:00:00-04:00,508.0822507382742,509.2082935133009,502.6712971096552,503.9468078613281,27723000,0.0,0.0,MSFT
2025-08-21 00:00:00-04:00,502.74904380636957,506.68168580920974,501.7808546744913,503.2980041503906,18443300,0.83,0.0,MSFT
2025-08-22 00:00:00-04:00,503.3079962424447,509.77590173606455,501.471437254012,506.2824401855469,24324200,0.0,0.0,MSFT
2025-08-25 00:00:00-04:00,505.6835608535286,507.2406441544574,503.1782400793436,503.3179931640625,21638600,0.0,0.0,MSFT
2025-08-26 00:00:00-04:00,503.4177851675948,504.0366525259624,497.5787379824689,501.1021423339844,30835700,0.0,0.0,MSFT
2025-08-27 00:00:00-04:00,501.06219963605827,506.34232576675964,498.96611661319633,505.7933349609375,17277900,0.0,0.0,MSFT
2025-08-28 00:00:00-04:00,506.1426727693108,510.1352001425548,504.5556467937143,508.68792724609375,18015600,0.0,0.0,MSFT
2025-08-29 00:00:00-04:00,507.7097597194238,508.64800611235046,503.5475364264987,505.7434387207031,20961600,0.0,0.0,MSFT
2025-09-02 00:00:00-04:00,499.53505401941584,505.0547219959289,495.88188775050133,504.1763610839844,18128000,0.0,0.0,MSFT
2025-09-03 00:00:00-04:00,502.8488615493355,506.8413890153064,501.3816064871684,504.40594482421875,16345100,0.0,0.0,MSFT
2025-09-04 00:00:00-04:00,503.3578996917829,507.20071355848035,502.2100541109688,507.02105712890625,15509500,0.0,0.0,MSFT
2025-09-05 00:00:00-04:00,508.11900990545524,511.0135863020471,491.4501951138555,494.0752868652344,31994800,0.0,0.0,MSFT
2025-09-08 00:00:00-04:00,497.1794589519428,500.26371328397477,494.10522614671714,497.2693176269531,16771000,0.0,0.0,MSFT
2025-09-09 00:00:00-04:00,500.4932596555404,501.3117351050236,496.77024724997165,497.4789123535156,14410500,0.0,0.0,MSFT
2025-09-10 00:00:00-04:00,502.04038173392,502.2899147028095,495.7920664455459,499.43524169921875,21611800,0.0,0.0,MSFT
2025-09-11 00:00:00-04:00,501.31173995388707,502.2300346920423,496.9499084839274,500.0740661621094,18881600,0.0,0.0,MSFT
2025-09-12 00:00:00-04:00,505.70352006176233,511.59249216822343,502.9087629314118,508.94744873046875,23624900,0.0,0.0,MSFT
2025-09-15 00:00:00-04:00,507.8395136770829,514.5069966795595,506.05284913244947,514.397216796875,17143800,0.0,0.0,MSFT
2025-09-16 00:00:00-04:00,515.9144004162443,516.2637221986186,507.64986983793983,508.08905029296875,19711900,0.0,0.0,MSFT
2025-09-17 00:00:00-04:00,509.6660849144807,510.33484666258875,504.9848440594251,509.06719970703125,15816600,0.0,0.0,MSFT
2025-09-18 00:00:00-04:00,510.5344514878828,512.1115168727503,506.71161989545686,507.5001525878906,18913700,0.0,0.0,MSFT
2025-09-19 00:00:00-04:00,509.6061757592278,518.3298380532008,509.35664280609984,516.96240234375,52474100,0.0,0.0,MSFT
2025-09-22 00:00:00-04:00,514.6268375894382,516.772784556969,511.5824866494396,513.4889526367188,20009300,0.0,0.0,MSFT
2025-09-23 00:00:00-04:00,512.8401566617626,513.6287198501773,506.3622903955001,508.2787170410156,19799600,0.0,0.0,MSFT
2025-09-24 00:00:00-04:00,509.4265417419943,511.5225942719762,505.9730140478167,509.19696044921875,13533700,0.0,0.0,MSFT
2025-09-25 00:00:00-04:00,507.3504106819217,509.0572380888419,504.09652154158834,506.0827941894531,15786500,0.0,0.0,MSFT
2025-09-26 00:00:00-04:00,509.1071380786861,512.9798945996346,505.67356201643696,510.5045166015625,16213100,0.0,0.0,MSFT
2025-09-29 00:00:00-04:00,510.5444265624633,515.8844074376258,507.9293260645142,513.6386108398438,17617800,0.0,0.0,MSFT
2025-09-30 00:00:00-04:00,512.2811987663596,517.1919905812645,508.70790002171145,516.982421875,19728200,0.0,0.0,MSFT
2025-10-01 00:00:00-04:00,513.8382741479315,519.5376290534263,510.7340986553811,518.7391357421875,22632300,0.0,0.0,MSFT
2025-10-02 00:00:00-04:00,516.6730253227585,520.625588764222,509.7260051791023,514.7765502929688,21222900,0.0,0.0,MSFT
2025-10-03 00:00:00-04:00,516.1339509263171,519.5176324904353,514.0378984273964,516.3834838867188,15112300,0.0,0.0,MSFT
2025-10-06 00:00:00-04:00,517.6411650074094,530.0380069481532,517.2319577376861,527.5825805664062,21388600,0.0,0.0,MSFT
2025-10-07 00:00:00-04:00,527.3030443984364,528.8102332144322,520.4658657072805,523.0010986328125,14615200,0.0,0.0,MSFT
2025-10-08 00:00:00-04:00,522.3024933531,525.9656203925812,522.1128458539913,523.8695068359375,13363400,0.0,0.0,MSFT
2025-10-09 00:00:00-04:00,521.3642478231245,523.3505205733983,516.4334737589328,521.4241333007812,18343600,0.0,0.0,MSFT
2025-10-10 00:00:00-04:00,518.6692706129455,522.6019127014883,508.6779606337136,510.0054626464844,24133800,0.0,0.0,MSFT
2025-10-13 00:00:00-04:00,515.4452371680482,515.4452371680482,510.7240930552238,513.0896606445312,14284200,0.0,0.0,MSFT
2025-10-14 00:00:00-04:00,509.2768388871209,514.3174231454748,505.05473007895694,512.610595703125,14684300,0.0,0.0,MSFT
2025-10-15 00:00:00-04:00,513.9979961583023,516.2238106749688,509.04724028199115,512.4708251953125,14694700,0.0,0.0,MSFT
2025-10-16 00:00:00-04:00,511.62245544117155,515.884437136842,507.1807563967364,510.65423583984375,15559600,0.0,0.0,MSFT
2025-10-17 00:00:00-04:00,508.0890780500653,514.5170195527368,506.3622988729776,512.62060546875,19867800,0.0,0.0,MSFT
2025-10-20 00:00:00-04:00,513.6486038577511,517.730989827423,512.4708156147512,515.8245239257812,14665600,0.0,0.0,MSFT
2025-10-21 00:00:00-04:00,516.533257830336,517.7210372272165,512.0815676283437,516.6929321289062,15586200,0.0,0.0,MSFT
2025-10-22 00:00:00-04:00,520.1764726871388,524.2488070435115,516.7428964573043,519.5675659179688,18962700,0.0,0.0,MSFT
2025-10-23 00:00:00-04:00,521.4839993377199,522.9712060783663,517.6411550810741,519.5875244140625,14023500,0.0,0.0,MSFT
2025-10-24 00:00:00-04:00,521.8133604589415,524.3685757173844,519.7372899447384,522.6318359375,15532400,0.0,0.0,MSFT
2025-10-27 00:00:00-04:00,530.7866236569336,533.5813808592218,528.0217787333662,530.527099609375,18734700,0.0,0.0,MSFT
2025-10-28 00:00:00-04:00,548.9725518014023,552.6855732732587,539.7598137450263,541.057373046875,29986700,0.0,0.0,MSFT
2025-10-29 00:00:00-04:00,543.9220119141725,545.2495444281135,535.7273269044096,540.538330078125,36023000,0.0,0.0,MSFT
2025-10-30 00:00:00-04:00,529.4889853080866,533.9705877450752,521.1446173319796,524.77783203125,41023100,0.0,0.0,MSFT
2025-10-31 00:00:00-04:00,527.8919782690999,528.3311587204174,514.137692119172,516.8426513671875,34006400,0.0,0.0,MSFT
2025-11-03 00:00:00-05:00,518.8389228578652,523.9793263365088,513.628703759196,516.0641479492188,22374700,0.0,0.0,MSFT
2025-11-04 00:00:00-05:00,510.80399534425794,514.5868933466259,506.8913048594995,513.3692016601562,20958700,0.0,0.0,MSFT
2025-11-05 00:00:00-05:00,512.3410686781482,513.8682396575209,505.6336213981725,506.2125549316406,23024300,0.0,0.0,MSFT
2025-11-06 00:00:00-05:00,504.7153625290288,504.75529633258907,494.88375756631746,496.1713562011719,27406500,0.0,0.0,MSFT
2025-11-07 00:00:00-05:00,496.02163823572937,498.4470913363115,492.32853818272196,495.8918762207031,24019800,0.0,0.0,MSFT
2025-11-10 00:00:00-05:00,499.10586069795033,505.9031361854127,497.8681564860657,505.0547180175781,26101500,0.0,0.0,MSFT
2025-11-11 00:00:00-05:00,503.85694933091565,508.64800052182136,501.411544557113,507.7297058105469,17980000,0.0,0.0,MSFT
2025-11-12 00:00:00-05:00,508.4084461357136,510.7141588310794,498.18758530403636,510.1851501464844,26574900,0.0,0.0,MSFT
2025-11-13 00:00:00-05:00,509.3566671737073,512.54071024479,500.3535287599438,502.34979248046875,25273100,0.0,0.0,MSFT
2025-11-14 00:00:00-05:00,497.2992409027003,510.644258818196,496.51070821491913,509.2268981933594,28505700,0.0,0.0,MSFT
2025-11-17 00:00:00-05:00,507.5001596757347,511.16328656765256,503.9667643395777,506.54193115234375,19092800,0.0,0.0,MSFT
2025-11-18 00:00:00-05:00,494.44458869198826,502.0403882023454,485.87063942574486,492.8675537109375,33815100,0.0,0.0,MSFT
2025-11-19 00:00:00-05:00,489.18443539234676,494.264922953439,481.9279972054541,486.2099914550781,23245300,0.0,0.0,MSFT
2025-11-20 00:00:00-05:00,492.7099914550781,493.57000732421875,475.5,478.42999267578125,26802500,0.91,0.0,MSFT
2025-11-21 00:00:00-05:00,478.5,478.9200134277344,468.2699890136719,472.1199951171875,31769200,0.0,0.0,MSFT
2025-11-24 00:00:00-05:00,475.0,476.8999938964844,468.0199890136719,474.0,34421000,0.0,0.0,MSFT
2025-11-25 00:00:00-05:00,474.07000732421875,479.1499938964844,464.8900146484375,476.989990234375,28019800,0.0,0.0,MSFT
2025-11-26 00:00:00-05:00,486.30999755859375,488.30999755859375,481.20001220703125,485.5,25709100,0.0,0.0,MSFT
2025-11-28 00:00:00-05:00,487.6000061035156,492.6300048828125,486.6499938964844,492.010009765625,14386700,0.0,0.0,MSFT
2025-12-01 00:00:00-05:00,488.44000244140625,489.8599853515625,484.6499938964844,486.739990234375,23964000,0.0,0.0,MSFT
2025-12-02 00:00:00-05:00,486.7200012207031,493.5,486.32000732421875,490.0,19562700,0.0,0.0,MSFT
2025-12-03 00:00:00-05:00,476.32000732421875,484.239990234375,475.20001220703125,477.7300109863281,34615100,0.0,0.0,MSFT
2025-12-04 00:00:00-05:00,479.760009765625,481.32000732421875,476.489990234375,480.8399963378906,22318200,0.0,0.0,MSFT
2025-12-05 00:00:00-05:00,482.5199890136719,483.3999938964844,478.8800048828125,483.1600036621094,22608700,0.0,0.0,MSFT
2025-12-08 00:00:00-05:00,484.8900146484375,492.29998779296875,484.3800048828125,491.0199890136719,21965900,0.0,0.0,MSFT
2025-12-09 00:00:00-05:00,489.1000061035156,492.1199951171875,488.5,492.0199890136719,14696100,0.0,0.0,MSFT
2025-12-10 00:00:00-05:00,484.0299987792969,484.25,475.0799865722656,478.55999755859375,35756200,0.0,0.0,MSFT
2025-12-11 00:00:00-05:00,476.6300048828125,486.0299987792969,475.8599853515625,483.4700012207031,24669200,0.0,0.0,MSFT
2025-12-12 00:00:00-05:00,479.82000732421875,482.45001220703125,476.3399963378906,478.5299987792969,21248100,0.0,0.0,MSFT
2025-12-15 00:00:00-05:00,480.1000061035156,480.7200012207031,472.5199890136719,474.82000732421875,23727700,0.0,0.0,MSFT
2025-12-16 00:00:00-05:00,471.9100036621094,477.8900146484375,470.8800048828125,476.3900146484375,20705600,0.0,0.0,MSFT
2025-12-17 00:00:00-05:00,476.9100036621094,480.0,475.0,476.1199951171875,24527200,0.0,0.0,MSFT
2025-12-18 00:00:00-05:00,478.19000244140625,489.6000061035156,477.8900146484375,483.9800109863281,28573500,0.0,0.0,MSFT
2025-12-19 00:00:00-05:00,487.3599853515625,487.8500061035156,482.489990234375,485.9200134277344,70836100,0.0,0.0,MSFT
2025-12-22 00:00:00-05:00,486.1199951171875,488.7300109863281,482.69000244140625,484.9200134277344,16963000,0.0,0.0,MSFT
2025-12-23 00:00:00-05:00,484.9800109863281,487.8299865722656,484.739990234375,486.8500061035156,14683600,0.0,0.0,MSFT
2025-12-24 00:00:00-05:00,485.67999267578125,489.1600036621094,484.8299865722656,488.0199890136719,5855900,0.0,0.0,MSFT
2025-12-26 00:00:00-05:00,486.7099914550781,488.1199951171875,485.9599914550781,487.7099914550781,8842200,0.0,0.0,MSFT
2025-12-29 00:00:00-05:00,484.8599853515625,488.3500061035156,484.17999267578125,487.1000061035156,10893400,0.0,0.0,MSFT
2025-12-30 00:00:00-05:00,485.92999267578125,489.67999267578125,485.5,487.4800109863281,13944500,0.0,0.0,MSFT
2025-12-31 00:00:00-05:00,487.8399963378906,488.1400146484375,483.29998779296875,483.6199951171875,15601600,0.0,0.0,MSFT
2026-01-02 00:00:00-05:00,484.3900146484375,484.6600036621094,470.1600036621094,472.94000244140625,25571600,0.0,0.0,MSFT
2026-01-05 00:00:00-05:00,474.05999755859375,476.07000732421875,469.5,472.8500061035156,25250300,0.0,0.0,MSFT
2026-01-06 00:00:00-05:00,473.79998779296875,478.739990234375,469.75,478.510009765625,23037700,0.0,0.0,MSFT
2026-01-07 00:00:00-05:00,479.760009765625,489.70001220703125,477.95001220703125,483.4700012207031,25564200,0.0,0.0,MSFT
2026-01-08 00:00:00-05:00,481.239990234375,482.6600036621094,475.8599853515625,478.1099853515625,18162600,0.0,0.0,MSFT
2026-01-09 00:00:00-05:00,474.05999755859375,479.82000732421875,472.20001220703125,479.2799987792969,18491000,0.0,0.0,MSFT
2026-01-12 00:00:00-05:00,476.6700134277344,480.989990234375,475.67999267578125,477.17999267578125,23519900,0.0,0.0,MSFT
2026-01-13 00:00:00-05:00,474.67999267578125,475.7799987792969,465.95001220703125,470.6700134277344,28545800,0.0,0.0,MSFT
2026-01-14 00:00:00-05:00,466.4599914550781,468.20001220703125,457.1700134277344,459.3800048828125,28184300,0.0,0.0,MSFT
2026-01-15 00:00:00-05:00,464.1199951171875,464.25,455.8999938964844,456.6600036621094,23225800,0.0,0.0,MSFT
2026-01-16 00:00:00-05:00,457.8299865722656,463.19000244140625,456.4800109863281,459.8599853515625,34246700,0.0,0.0,MSFT
2026-01-20 00:00:00-05:00,451.2200012207031,456.79998779296875,449.2799987792969,454.5199890136719,26130000,0.0,0.0,MSFT
2026-01-21 00:00:00-05:00,452.6000061035156,452.69000244140625,438.67999267578125,444.1099853515625,37980500,0.0,0.0,MSFT
2026-01-22 00:00:00-05:00,447.6199951171875,452.8399963378906,444.70001220703125,451.1400146484375,25349400,0.0,0.0,MSFT
2026-01-23 00:00:00-05:00,451.8699951171875,471.1000061035156,450.5299987792969,465.95001220703125,38000200,0.0,0.0,MSFT
2026-01-26 00:00:00-05:00,465.30999755859375,474.25,462.0,470.2799987792969,29291200,0.0,0.0,MSFT
2026-01-27 00:00:00-05:00,473.70001220703125,482.8699951171875,473.1600036621094,480.5799865722656,29213900,0.0,0.0,MSFT
2026-01-28 00:00:00-05:00,483.2099914550781,483.739990234375,478.0,481.6300048828125,36875400,0.0,0.0,MSFT
2026-01-29 00:00:00-05:00,439.989990234375,442.5,421.0199890136719,433.5,128855300,0.0,0.0,MSFT
2026-01-30 00:00:00-05:00,439.1700134277344,439.6000061035156,426.45001220703125,430.2900085449219,58566800,0.0,0.0,MSFT
2026-02-02 00:00:00-05:00,430.239990234375,430.739990234375,422.25,423.3699951171875,42219900,0.0,0.0,MSFT
2026-02-03 00:00:00-05:00,422.010009765625,422.010009765625,408.57000732421875,410.05999755859375,44623182,0.0,0.0,MSFT
2025-02-03 00:00:00-05:00,114.71862375628316,118.53757894355685,112.97910166242248,116.62810516357422,371235700,0.0,0.0,NVDA
2025-02-04 00:00:00-05:00,116.92801344303115,121.16685177317855,116.66808241089754,118.6175537109375,256550000,0.0,0.0,NVDA
2025-02-05 00:00:00-05:00,121.7267002537778,124.96581196424484,120.72697375806385,124.79586029052734,262230800,0.0,0.0,NVDA
2025-02-06 00:00:00-05:00,127.38515593926263,128.7347928917548,125.17576116570511,128.64480590820312,251483600,0.0,0.0,NVDA
2025-02-07 00:00:00-05:00,129.18464838201572,130.3343276557766,124.96580169637689,129.80447387695312,228186300,0.0,0.0,NVDA
2025-02-10 00:00:00-05:00,130.05441853152416,134.96307937585763,129.92446445785666,133.53347778320312,216989100,0.0,0.0,NVDA
2025-02-11 00:00:00-05:00,132.54376130884148,134.4432358451655,130.9841901729766,132.76370239257812,178902400,0.0,0.0,NVDA
2025-02-12 00:00:00-05:00,129.98445236307722,132.203846559633,129.04470695043977,131.10414123535156,160278600,0.0,0.0,NVDA
2025-02-13 00:00:00-05:00,131.52401516963508,136.46266649297655,131.13412244698262,135.25299072265625,197430000,0.0,0.0,NVDA
2025-02-14 00:00:00-05:00,136.44266486168982,139.21191146517995,135.46293718873886,138.81202697753906,195479600,0.0,0.0,NVDA
2025-02-18 00:00:00-05:00,141.23137649622348,143.40078131766987,137.89227816645598,139.36187744140625,219176600,0.0,0.0,NVDA
2025-02-19 00:00:00-05:00,139.4718625554808,141.32136300101118,137.18249518803503,139.1919403076172,167536000,0.0,0.0,NVDA
2025-02-20 00:00:00-05:00,139.99172108753137,140.62155375629743,136.75260126124348,140.0717010498047,143903600,0.0,0.0,NVDA
2025-02-21 00:00:00-05:00,140.0017008694862,141.42132600995674,133.99334973043614,134.3932342529297,228217600,0.0,0.0,NVDA
2025-02-24 00:00:00-05:00,136.52266681200447,138.55211066034528,130.04444248958205,130.244384765625,251381100,0.0,0.0,NVDA
2025-02-25 00:00:00-05:00,129.94445760453814,130.16439867421266,124.40597902043103,126.59537506103516,271428700,0.0,0.0,NVDA
2025-02-26 00:00:00-05:00,129.95446947322534,133.69343728770713,128.4548795357506,131.24411010742188,322553800,0.0,0.0,NVDA
2025-02-27 00:00:00-05:00,134.96308744670299,134.9730792207777,119.97718824289691,120.11714935302734,443175800,0.0,0.0,NVDA
2025-02-28 00:00:00-05:00,117.98772650698133,125.05579305607802,116.36817434407594,124.8858413696289,389091100,0.0,0.0,NVDA
2025-03-03 00:00:00-05:00,123.47622912906817,123.66617198823369,112.2492965435478,114.02880859375,411381400,0.0,0.0,NVDA
2025-03-04 00:00:00-05:00,110.61975353757568,119.27738221868555,110.07990024013375,115.95829010009766,398163300,0.0,0.0,NVDA
2025-03-05 00:00:00-05:00,117.54785129486386,118.24765683915241,114.47869104666965,117.26792907714844,284337900,0.0,0.0,NVDA
2025-03-06 00:00:00-05:00,113.49895407905146,115.31845609620828,110.18986163701831,110.53976440429688,321181900,0.0,0.0,NVDA
2025-03-07 00:00:00-05:00,111.21958617661252,113.44897988924723,107.53059251797079,112.65919494628906,341755500,0.0,0.0,NVDA
2025-03-10 00:00:00-04:00,109.86995202425706,111.81941579292103,105.43116359430405,106.95075225830078,366487400,0.0,0.0,NVDA
2025-03-11 00:00:00-04:00,106.960734969355,112.20929903890595,104.74134094243277,108.73025512695312,354865700,0.0,0.0,NVDA
2025-03-12 00:00:00-04:00,114.09930053195751,116.73882100614277,112.85951998498375,115.71900177001953,323857500,0.01,0.0,NVDA
2025-03-13 00:00:00-04:00,117.00876245655117,117.73863334670654,113.76935252443205,115.55902862548828,299033100,0.0,0.0,NVDA
2025-03-14 00:00:00-04:00,118.58847644066721,121.85787967708788,118.12856083227834,121.64791870117188,277593500,0.0,0.0,NVDA
2025-03-17 00:00:00-04:00,122.71772499646224,122.86769930249316,118.00858060635532,119.50830841064453,255501500,0.0,0.0,NVDA
2025-03-18 00:00:00-04:00,117.97859103200136,118.99840261510599,114.51921970184797,115.4090576171875,299686900,0.0,0.0,NVDA
2025-03-19 00:00:00-04:00,117.24871784817985,120.42814113812437,115.65901001721268,117.49867248535156,273426200,0.0,0.0,NVDA
2025-03-20 00:00:00-04:00,116.5288475567653,120.17817892707569,116.44886024718888,118.50848388671875,248829700,0.0,0.0,NVDA
2025-03-21 00:00:00-04:00,116.91877807414131,117.96858292451893,115.39904967929496,117.67863464355469,266498500,0.0,0.0,NVDA
2025-03-24 00:00:00-04:00,119.85824123014483,122.19782052957932,119.31833831489072,121.38796997070312,228452500,0.0,0.0,NVDA
2025-03-25 00:00:00-04:00,120.52812446850508,121.26798803028822,118.89841541478116,120.66809844970703,167447200,0.0,0.0,NVDA
2025-03-26 00:00:00-04:00,118.70845626054094,118.81842927999459,112.68954449720724,113.7393569946289,293463300,0.0,0.0,NVDA
2025-03-27 00:00:00-04:00,111.32978747025457,114.42922326739314,110.63991789836862,111.40977478027344,236902100,0.0,0.0,NVDA
2025-03-28 00:00:00-04:00,111.46976244373079,112.84951685583745,109.0502035041368,109.65009307861328,229872500,0.0,0.0,NVDA
2025-03-31 00:00:00-04:00,105.11091847763528,110.93986229194257,103.63119133667838,108.3603286743164,299212700,0.0,0.0,NVDA
2025-04-01 00:00:00-04:00,108.50030342775528,110.17999886185885,106.45068001979016,110.13001251220703,222614000,0.0,0.0,NVDA
2025-04-02 00:00:00-04:00,107.2705266243207,111.95967777974947,106.77061737970816,110.39995574951172,220601200,0.0,0.0,NVDA
2025-04-03 00:00:00-04:00,103.49122110695384,105.61083156865355,101.58156399912866,101.78153228759766,338769400,0.0,0.0,NVDA
2025-04-04 00:00:00-04:00,98.89205625014841,100.11182847125419,92.09328707213024,94.29288482666016,532273800,0.0,0.0,NVDA
2025-04-07 00:00:00-04:00,87.444123819458,101.73153089146867,86.60427995314998,97.62227630615234,611041300,0.0,0.0,NVDA
2025-04-08 00:00:00-04:00,103.79115551332612,105.83078615825814,94.44285411172834,96.28252410888672,476243400,0.0,0.0,NVDA
2025-04-09 00:00:00-04:00,98.87205653888144,115.07911444025873,97.51230269046886,114.30925750732422,612918300,0.0,0.0,NVDA
2025-04-10 00:00:00-04:00,109.35015243101728,110.83987986480561,99.13200610877084,107.55047607421875,437812400,0.0,0.0,NVDA
2025-04-11 00:00:00-04:00,108.4803070767672,111.52975654810143,107.46049556472005,110.90986633300781,313417300,0.0,0.0,NVDA
2025-04-14 00:00:00-04:00,114.08928762467488,114.26925525660798,109.05020155855789,110.68990325927734,264705000,0.0,0.0,NVDA
2025-04-15 00:00:00-04:00,110.94986159507806,113.59938217981927,110.4799456735416,112.17963409423828,228966900,0.0,0.0,NVDA
2025-04-16 00:00:00-04:00,104.53103311878802,106.77062454919468,100.4317709352981,104.47103881835938,397016900,0.0,0.0,NVDA
2025-04-17 00:00:00-04:00,104.43103458781992,104.45103522860795,100.0318394876262,101.47157287597656,292517500,0.0,0.0,NVDA
2025-04-21 00:00:00-04:00,98.75207336541831,99.42195758129023,95.02275450080649,96.89241790771484,288501100,0.0,0.0,NVDA
2025-04-22 00:00:00-04:00,98.76206678289148,99.7918785816798,97.26233908492571,98.8720474243164,241004800,0.0,0.0,NVDA
2025-04-23 00:00:00-04:00,104.5010295750129,104.78098517141211,102.00148324580945,102.69136047363281,247526000,0.0,0.0,NVDA
2025-04-24 00:00:00-04:00,103.46121375263034,106.52065568558213,103.09127819009328,106.41067504882812,220815000,0.0,0.0,NVDA
2025-04-25 00:00:00-04:00,106.83061166162848,111.89969145813895,105.71081975581805,110.98986053466797,251064700,0.0,0.0,NVDA
2025-04-28 00:00:00-04:00,109.67009093365705,110.3499678015911,106.00075133412535,108.71026611328125,207708500,0.0,0.0,NVDA
2025-04-29 00:00:00-04:00,107.65046012276234,110.1799998026459,107.42050613077843,109.00021362304688,170444300,0.0,0.0,NVDA
2025-04-30 00:00:00-04:00,104.45104108413872,108.90023040771484,104.06111247501677,108.90023040771484,235044600,0.0,0.0,NVDA
2025-05-01 00:00:00-04:00,113.05947899879722,114.9191420385801,111.27980327057723,111.5897445678711,236121500,0.0,0.0,NVDA
2025-05-02 00:00:00-04:00,114.15928352450368,115.37906338859757,113.34943293159324,114.4792251586914,190194800,0.0,0.0,NVDA
2025-05-05 00:00:00-04:00,112.88951601094917,114.64919116473993,112.63956137373921,113.79934692382812,133163200,0.0,0.0,NVDA
2025-05-06 00:00:00-04:00,111.45977773347964,114.71918078517231,110.79989381468877,113.51940155029297,158525600,0.0,0.0,NVDA
2025-05-07 00:00:00-04:00,113.02949042053457,117.65864757290291,112.25962586336117,117.03875732421875,206758800,0.0,0.0,NVDA
2025-05-08 00:00:00-04:00,118.22854670795566,118.658469001105,115.82898059800607,117.34870910644531,198428100,0.0,0.0,NVDA
2025-05-09 00:00:00-04:00,117.32869985728382,118.20854502226882,115.18908887008638,116.62882995605469,132972200,0.0,0.0,NVDA
2025-05-12 00:00:00-04:00,121.94787211512306,122.9776840209961,120.25817629208265,122.9776840209961,225023300,0.0,0.0,NVDA
2025-05-13 00:00:00-04:00,124.95732666651305,131.19619232916256,124.44741706637032,129.9064178466797,330430100,0.0,0.0,NVDA
2025-05-14 00:00:00-04:00,133.17581874633882,135.4154176381041,131.65609038206884,135.3154296875,281180800,0.0,0.0,NVDA
2025-05-15 00:00:00-04:00,134.2656162138544,136.2752611112406,132.6359224746836,134.80552673339844,226632600,0.0,0.0,NVDA
2025-05-16 00:00:00-04:00,136.19528579014883,136.32526708518697,133.43579205010155,135.37542724609375,226542500,0.0,0.0,NVDA
2025-05-19 00:00:00-04:00,132.36596428610483,135.84532822832756,132.36596428610483,135.54539489746094,193154600,0.0,0.0,NVDA
2025-05-20 00:00:00-04:00,134.26562607401144,134.55558199625042,132.59593092987555,134.35562133789062,161514200,0.0,0.0,NVDA
2025-05-21 00:00:00-04:00,133.0358430493297,137.3750515435132,130.56629021032253,131.7760772705078,270608700,0.0,0.0,NVDA
2025-05-22 00:00:00-04:00,132.20599574301846,134.22563338103308,131.52612648714359,132.80589294433594,187344000,0.0,0.0,NVDA
2025-05-23 00:00:00-04:00,129.97641506418768,132.65592152877483,129.13657112060253,131.26617431640625,198821300,0.0,0.0,NVDA
2025-05-27 00:00:00-04:00,134.1256417936587,135.63537744884945,133.2857979393918,135.47540283203125,192953600,0.0,0.0,NVDA
2025-05-28 00:00:00-04:00,136.00531758419635,137.22509744866613,134.76553707682788,134.78553771972656,304021100,0.0,0.0,NVDA
2025-05-29 00:00:00-04:00,142.22419152756274,143.46397204605128,137.88498259688382,139.1647491455078,369241900,0.0,0.0,NVDA
2025-05-30 00:00:00-04:00,138.6948289010735,139.59465948344436,132.8958783257386,135.10548400878906,333170900,0.0,0.0,NVDA
2025-06-02 00:00:00-04:00,135.46541564458173,138.09492795630163,135.37542038395227,137.35507202148438,197663100,0.0,0.0,NVDA
2025-06-03 00:00:00-04:00,138.75480693174418,141.97422364617418,137.9249557656252,141.19436645507812,225578800,0.0,0.0,NVDA
2025-06-04 00:00:00-04:00,142.1641966028205,142.36415725393297,139.5146683935161,141.8942413330078,167120800,0.0,0.0,NVDA
2025-06-05 00:00:00-04:00,142.14419665233672,143.97386636815438,138.80480646885346,139.964599609375,231397900,0.0,0.0,NVDA
2025-06-06 00:00:00-04:00,142.4841247816278,143.24399658328852,141.4843063108272,141.69427490234375,153986200,0.0,0.0,NVDA
2025-06-09 00:00:00-04:00,143.16402192873528,144.97369107987248,141.91424872977086,142.6041259765625,185114500,0.0,0.0,NVDA
2025-06-10 00:00:00-04:00,142.66410985007164,144.26381035974757,141.50431668274294,143.9338836669922,155881900,0.0,0.0,NVDA
2025-06-11 00:00:00-04:00,144.59379466225064,144.97375695921582,141.85409623212945,142.81399536132812,167694000,0.01,0.0,NVDA
2025-06-12 00:00:00-04:00,141.9540901919345,144.98374938964844,141.83410852298076,144.98374938964844,162365000,0.0,0.0,NVDA
2025-06-13 00:00:00-04:00,142.4640236398758,143.5639064320885,140.83421673860605,141.95408630371094,180820600,0.0,0.0,NVDA
2025-06-16 00:00:00-04:00,143.33393622751285,146.16360555156524,143.18394388862185,144.6737823486328,183133700,0.0,0.0,NVDA
2025-06-17 00:00:00-04:00,144.4738049491523,145.20371882793046,143.7638778428329,144.1038360595703,139108000,0.0,0.0,NVDA
2025-06-18 00:00:00-04:00,143.9938476821936,145.63366319028128,143.10394808189747,145.46368408203125,161494100,0.0,0.0,NVDA
2025-06-20 00:00:00-04:00,145.43368901636921,146.1836049259659,142.63399990245927,143.83387756347656,242956200,0.0,0.0,NVDA
2025-06-23 00:00:00-04:00,142.48402812138661,144.76377135076248,142.01407957999888,144.15383911132812,154308900,0.0,0.0,NVDA
2025-06-24 00:00:00-04:00,145.54367367470394,147.94341367999496,145.4836828445603,147.88340759277344,187566100,0.0,0.0,NVDA
2025-06-25 00:00:00-04:00,149.25328072295656,154.43269305532343,149.24327207878133,154.29270935058594,269146500,0.0,0.0,NVDA
2025-06-26 00:00:00-04:00,155.9625083392563,156.70243086817015,153.98273459501658,155.00262451171875,198145700,0.0,0.0,NVDA
2025-06-27 00:00:00-04:00,156.02250005395288,158.69221415352254,155.24258871826237,157.73231506347656,263234500,0.0,0.0,NVDA
2025-06-30 00:00:00-04:00,158.38224776867892,158.6422284044636,155.94253394670602,157.97230529785156,194580300,0.0,0.0,NVDA
2025-07-01 00:00:00-04:00,156.27249233706732,157.18239409932116,151.47304203431221,153.2828369140625,213143600,0.0,0.0,NVDA
2025-07-02 00:00:00-04:00,152.962850389823,157.58234297497486,152.95285700312823,157.2323760986328,171224100,0.0,0.0,NVDA
2025-07-03 00:00:00-04:00,158.35225101493015,160.96195919540767,157.7523273944205,159.3221435546875,143716100,0.0,0.0,NVDA
2025-07-07 00:00:00-04:00,158.18227071828886,159.29214695363126,157.3223664705724,158.22227478027344,140139000,0.0,0.0,NVDA
2025-07-08 00:00:00-04:00,159.31214783171163,160.20204749093682,158.3722507239072,159.98207092285156,138133000,0.0,0.0,NVDA
2025-07-09 00:00:00-04:00,161.20193770023792,164.40157611225678,161.14194686393122,162.86175537109375,183656400,0.0,0.0,NVDA
2025-07-10 00:00:00-04:00,164.30159583301895,164.48156834124046,161.5918927660757,164.0816192626953,167704100,0.0,0.0,NVDA
2025-07-11 00:00:00-04:00,163.70165728031435,167.87118822352508,163.4516852914618,164.90151977539062,193633300,0.0,0.0,NVDA
2025-07-14 00:00:00-04:00,165.35146259057728,165.4714595173457,162.00184716942397,164.05162048339844,136975800,0.0,0.0,NVDA
2025-07-15 00:00:00-04:00,171.17081299302788,172.38066881478494,169.18103056842588,170.6808624267578,230627400,0.0,0.0,NVDA
2025-07-16 00:00:00-04:00,171.04083672550954,171.73076187811773,168.88107501049606,171.35079956054688,158831500,0.0,0.0,NVDA
2025-07-17 00:00:00-04:00,172.00073538495315,174.1404950617398,170.81086624213197,172.98062133789062,160841100,0.0,0.0,NVDA
2025-07-18 00:00:00-04:00,173.62054394819432,174.23047621121117,171.24080573231237,172.39068603515625,146456400,0.0,0.0,NVDA
2025-07-21 00:00:00-04:00,172.73065099594356,173.36058531454748,170.9808470061149,171.36080932617188,123126100,0.0,0.0,NVDA
2025-07-22 00:00:00-04:00,171.32080634495316,171.37080379639445,164.5615689540832,167.01129150390625,193114300,0.0,0.0,NVDA
2025-07-23 00:00:00-04:00,169.511004310231,171.24080620570157,167.95118153678195,170.7608642578125,154082200,0.0,0.0,NVDA
2025-07-24 00:00:00-04:00,172.42067791171223,173.81052153075,171.28080627636527,173.7205352783203,128984600,0.0,0.0,NVDA
2025-07-25 00:00:00-04:00,173.59054858813744,174.70042482917586,172.9406275198062,173.48056030273438,122316800,0.0,0.0,NVDA
2025-07-28 00:00:00-04:00,174.00050427681666,176.98016607778243,173.9505068282037,176.73019409179688,140023500,0.0,0.0,NVDA
2025-07-29 00:00:00-04:00,177.94006357342778,179.35990260986108,175.00039060425894,175.49032592773438,154077500,0.0,0.0,NVDA
2025-07-30 00:00:00-04:00,176.49022309733303,179.869849375745,176.0202745228646,179.2499237060547,174312200,0.0,0.0,NVDA
2025-07-31 00:00:00-04:00,182.87950237318685,183.2794667127293,175.9102820488597,177.85006713867188,221685400,0.0,0.0,NVDA
2025-08-01 00:00:00-04:00,174.07048465468185,176.52020701181988,170.8708463561498,173.70053100585938,204529000,0.0,0.0,NVDA
2025-08-04 00:00:00-04:00,175.14037394842856,180.17980241597786,174.500446281802,179.97982788085938,148174600,0.0,0.0,NVDA
2025-08-05 00:00:00-04:00,179.59986897635343,180.23979665506658,175.8802845759961,178.24002075195312,156407600,0.0,0.0,NVDA
2025-08-06 00:00:00-04:00,176.31023710297544,179.87982901005608,176.23024423927978,179.39988708496094,137192300,0.0,0.0,NVDA
2025-08-07 00:00:00-04:00,181.54966930117607,183.85940811228025,178.7799753024853,180.749755859375,151878400,0.0,0.0,NVDA
2025-08-08 00:00:00-04:00,181.52965464990967,183.27945850723472,180.3797743894202,182.6795196533203,123396700,0.0,0.0,NVDA
2025-08-11 00:00:00-04:00,182.02960317073044,183.8193958765311,180.22980182096376,182.0395965576172,138323200,0.0,0.0,NVDA
2025-08-12 00:00:00-04:00,182.9395060522284,184.4593247511904,179.43989822709233,183.1394805908203,145485700,0.0,0.0,NVDA
2025-08-13 00:00:00-04:00,182.59953978080497,183.9493946696141,179.329917039869,181.5696563720703,179871700,0.0,0.0,NVDA
2025-08-14 00:00:00-04:00,179.7298534235828,182.99949119039164,179.43989264021437,181.99960327148438,129554000,0.0,0.0,NVDA
2025-08-15 00:00:00-04:00,181.85962676701382,181.87961354108583,178.02004541114613,180.42977905273438,156602200,0.0,0.0,NVDA
2025-08-18 00:00:00-04:00,180.57976314427117,182.91949719839158,180.56975450061333,181.98959350585938,132008000,0.0,0.0,NVDA
2025-08-19 00:00:00-04:00,182.4095478886331,182.47954736718557,175.47033846497254,175.6203155517578,185229200,0.0,0.0,NVDA
2025-08-20 00:00:00-04:00,175.1503706193276,175.9802794498554,168.7810892510499,175.38034057617188,215142700,0.0,0.0,NVDA
2025-08-21 00:00:00-04:00,174.83041312567687,176.88017120538285,173.79052111986658,174.96038818359375,140040900,0.0,0.0,NVDA
2025-08-22 00:00:00-04:00,172.59066018618677,178.56998587344157,171.18081451068767,177.97006225585938,172789400,0.0,0.0,NVDA
2025-08-25 00:00:00-04:00,178.33002804439553,181.88962682620624,176.5502286534902,179.78985595703125,163012800,0.0,0.0,NVDA
2025-08-26 00:00:00-04:00,180.0398187111229,182.36955942503778,178.78995879531527,181.7496337890625,168688200,0.0,0.0,NVDA
2025-08-27 00:00:00-04:00,181.95959791056248,182.46955051009175,179.07993109949993,181.57965087890625,235518900,0.0,0.0,NVDA
2025-08-28 00:00:00-04:00,180.79974711518173,184.44933204343067,176.39023757757423,180.14981079101562,281787800,0.0,0.0,NVDA
2025-08-29 00:00:00-04:00,178.09004428153852,178.130033086625,173.13059331145078,174.1604766845703,243257900,0.0,0.0,NVDA
2025-09-02 00:00:00-04:00,169.980952871088,172.36069109354864,167.20126556823303,170.7608642578125,231164900,0.0,0.0,NVDA
2025-09-03 00:00:00-04:00,171.0408442884315,172.3906992342715,168.86109570238054,170.60089111328125,164424900,0.0,0.0,NVDA
2025-09-04 00:00:00-04:00,170.55090333056648,171.8407521362954,169.39102958990665,171.64077758789062,141670100,0.0,0.0,NVDA
2025-09-05 00:00:00-04:00,168.01117837826322,169.0110663720669,164.05163046676552,167.0012969970703,224441400,0.0,0.0,NVDA
2025-09-08 00:00:00-04:00,167.53122834914853,170.940849905597,167.33125381142952,168.2911376953125,163769100,0.0,0.0,NVDA
2025-09-09 00:00:00-04:00,169.0710489481518,170.96083655380463,166.7213214317911,170.74085998535156,157548400,0.0,0.0,NVDA
2025-09-10 00:00:00-04:00,176.62020974984335,179.26990675759993,175.45034266016896,177.3101348876953,226852000,0.0,0.0,NVDA
2025-09-11 00:00:00-04:00,179.66999584989978,180.26996857097555,176.4701769393558,177.16014099121094,151159300,0.01,0.0,NVDA
2025-09-12 00:00:00-04:00,177.76010410307373,178.59005971058946,176.44017029123495,177.8101043701172,124911000,0.0,0.0,NVDA
2025-09-15 00:00:00-04:00,175.66021109761542,178.84004186496986,174.50027206258352,177.74009704589844,147061600,0.0,0.0,NVDA
2025-09-16 00:00:00-04:00,176.99014687805604,177.49011904437822,174.37029760906842,174.87026977539062,140737800,0.0,0.0,NVDA
2025-09-17 00:00:00-04:00,172.63039291663662,173.1903593144249,168.40063256525568,170.280517578125,211843800,0.0,0.0,NVDA
2025-09-18 00:00:00-04:00,173.9703101424577,177.09014682532762,172.95037791227023,176.23019409179688,191763300,0.0,0.0,NVDA
2025-09-19 00:00:00-04:00,175.7602124903078,178.07008136373162,175.17023376194967,176.66015625,237182100,0.0,0.0,NVDA
2025-09-22 00:00:00-04:00,175.29024236301854,184.53972732383275,174.70027887607205,183.5997772216797,269637000,0.0,0.0,NVDA
2025-09-23 00:00:00-04:00,181.9598706713119,182.409842567533,176.20019683221489,178.42005920410156,192559600,0.0,0.0,NVDA
2025-09-24 00:00:00-04:00,179.75999113536878,179.76998508551358,175.39022416770254,176.96014404296875,143564100,0.0,0.0,NVDA
2025-09-25 00:00:00-04:00,174.47028665549124,180.24996380236055,173.12037093203185,177.68011474609375,191586700,0.0,0.0,NVDA
2025-09-26 00:00:00-04:00,178.16008106951017,179.75999811527313,174.920255917913,178.18008422851562,148573700,0.0,0.0,NVDA
2025-09-29 00:00:00-04:00,180.4199550960203,183.98976381560166,180.30997586310093,181.8398895263672,193063500,0.0,0.0,NVDA
2025-09-30 00:00:00-04:00,182.06986121505474,187.3395719841704,181.4698885277926,186.56961059570312,236981000,0.0,0.0,NVDA
2025-10-01 00:00:00-04:00,185.22969505995906,188.12952754318238,183.88975804814035,187.22958374023438,173844900,0.0,0.0,NVDA
2025-10-02 00:00:00-04:00,189.5894532800495,191.0393695238543,188.04953044946197,188.87948608398438,136805800,0.0,0.0,NVDA
2025-10-03 00:00:00-04:00,189.1794627061203,190.34939569471342,185.36967740169,187.6095428466797,137596900,0.0,0.0,NVDA
2025-10-06 00:00:00-04:00,185.48967202648717,187.21957143407985,183.31979467524326,185.5296630859375,157678100,0.0,0.0,NVDA
2025-10-07 00:00:00-04:00,186.21962980709273,189.0494741147918,183.9897582054133,185.02969360351562,140088000,0.0,0.0,NVDA
2025-10-08 00:00:00-04:00,186.55962017208088,189.58945025835604,186.52960780500513,189.09947204589844,130168900,0.0,0.0,NVDA
2025-10-09 00:00:00-04:00,192.21928773885006,195.28912405123697,191.04935474353755,192.5592803955078,182997200,0.0,0.0,NVDA
2025-10-10 00:00:00-04:00,193.49922565779727,195.6091088464203,182.0398719523004,183.14981079101562,268774400,0.0,0.0,NVDA
2025-10-13 00:00:00-04:00,187.9595379156231,190.09941818271824,185.94965529464977,188.3095245361328,153482800,0.0,0.0,NVDA
2025-10-14 00:00:00-04:00,184.75971529942103,184.78971240822688,179.68999030007896,180.0199737548828,205641400,0.0,0.0,NVDA
2025-10-15 00:00:00-04:00,184.7897166440438,184.85970481354866,177.2801249034248,179.8199920654297,214450500,0.0,0.0,NVDA
2025-10-16 00:00:00-04:00,182.21985578014733,183.26980040587233,179.76000120804414,181.7998809814453,179723300,0.0,0.0,NVDA
2025-10-17 00:00:00-04:00,180.16996892604442,184.08976427610557,179.74000017155936,183.20980834960938,173135200,0.0,0.0,NVDA
2025-10-20 00:00:00-04:00,183.1198152646831,185.18969215276272,181.71988400794234,182.6298370361328,128544700,0.0,0.0,NVDA
2025-10-21 00:00:00-04:00,182.77981647710283,182.77981647710283,179.78999271004406,181.14991760253906,124240200,0.0,0.0,NVDA
2025-10-22 00:00:00-04:00,181.1299112106735,183.42978616900905,176.7501502622395,180.26995849609375,162249600,0.0,0.0,NVDA
2025-10-23 00:00:00-04:00,180.40994799999942,183.01980322210497,179.7799782111653,182.1498565673828,111363700,0.0,0.0,NVDA
2025-10-24 00:00:00-04:00,183.8297551720498,187.45955783835475,183.48977777431884,186.24961853027344,131296700,0.0,0.0,NVDA
2025-10-27 00:00:00-04:00,189.979423148828,191.98930570001696,188.41949722334647,191.47933959960938,153452700,0.0,0.0,NVDA
2025-10-28 00:00:00-04:00,193.03926234185508,203.1386912540773,191.89932637827522,201.01881408691406,297986200,0.0,0.0,NVDA
2025-10-29 00:00:00-04:00,207.96842303697136,212.1781954922272,204.76860414707738,207.02847290039062,308829600,0.0,0.0,NVDA
2025-10-30 00:00:00-04:00,205.1385766163601,206.1485301715792,201.39879452489242,202.8787078857422,178864400,0.0,0.0,NVDA
2025-10-31 00:00:00-04:00,206.43850017947892,207.95841980607935,202.05875446792163,202.47872924804688,179802200,0.0,0.0,NVDA
2025-11-03 00:00:00-05:00,208.06841462190084,211.32822759164594,205.5485506791992,206.8684844970703,180267300,0.0,0.0,NVDA
2025-11-04 00:00:00-05:00,202.98869740675082,203.9586446199207,197.9189723693821,198.67893981933594,188919300,0.0,0.0,NVDA
2025-11-05 00:00:00-05:00,198.75894188581304,202.90870481768462,194.63916080574026,195.1991424560547,171350300,0.0,0.0,NVDA
2025-11-06 00:00:00-05:00,196.40906647995496,197.60899664277025,186.3696319662745,188.0695343017578,223029800,0.0,0.0,NVDA
2025-11-07 00:00:00-05:00,184.8897071775586,188.3095303364016,178.90005019006267,188.1395263671875,264942300,0.0,0.0,NVDA
2025-11-10 00:00:00-05:00,195.09914200543773,199.9288750287355,193.7792081445882,199.03892517089844,198897100,0.0,0.0,NVDA
2025-11-11 00:00:00-05:00,195.14913483203398,195.40911485928362,191.28934919242405,193.1492462158203,176483300,0.0,0.0,NVDA
2025-11-12 00:00:00-05:00,195.70910637927892,195.87909508520013,191.1193655455878,193.78921508789062,154935300,0.0,0.0,NVDA
2025-11-13 00:00:00-05:00,191.03936321053533,191.42934088057365,183.8397672401686,186.84959411621094,207423100,0.0,0.0,NVDA
2025-11-14 00:00:00-05:00,182.8498180673128,190.99935813210442,180.56994624954729,190.15940856933594,186591900,0.0,0.0,NVDA
2025-11-17 00:00:00-05:00,185.95964506857126,188.98947511566342,184.30974305565786,186.58961486816406,173628900,0.0,0.0,NVDA
2025-11-18 00:00:00-05:00,183.36979105504545,184.7897101334883,179.63998782140993,181.3498992919922,213598900,0.0,0.0,NVDA
2025-11-19 00:00:00-05:00,184.7796984316032,187.8495347223247,182.8198161698128,186.50961303710938,247246400,0.0,0.0,NVDA
2025-11-20 00:00:00-05:00,195.9390891568929,195.9890894251709,179.83999453744622,180.62994384765625,343504800,0.0,0.0,NVDA
2025-11-21 00:00:00-05:00,181.22991004695137,184.54971718190046,172.92036011460985,178.8700408935547,346926200,0.0,0.0,NVDA
2025-11-24 00:00:00-05:00,179.48001348627363,183.4897847612219,176.47017128450955,182.5398406982422,256618300,0.0,0.0,NVDA
2025-11-25 00:00:00-05:00,174.90026276869568,178.15008177330986,169.54056066153746,177.8101043701172,320600300,0.0,0.0,NVDA
2025-11-26 00:00:00-05:00,181.61988829154,182.8998157763143,178.2300777211247,180.2499542236328,183852000,0.0,0.0,NVDA
2025-11-28 00:00:00-05:00,179.0000253919654,179.28000857805475,176.49017066740046,176.99014282226562,121332800,0.0,0.0,NVDA
2025-12-01 00:00:00-05:00,174.75027181562072,180.28997214473748,173.67033006996684,179.9099884033203,188131000,0.0,0.0,NVDA
2025-12-02 00:00:00-05:00,181.74987648908228,185.6496685428864,179.98997995570696,181.4499053955078,182632200,0.0,0.0,NVDA
2025-12-03 00:00:00-05:00,181.06992440272873,182.43984327721986,179.1000328161426,179.5800018310547,165138000,0.0,0.0,NVDA
2025-12-04 00:00:00-05:00,181.6199951171875,184.52000427246094,179.9600067138672,183.3800048828125,167364900,0.01,0.0,NVDA
2025-12-05 00:00:00-05:00,183.88999938964844,184.66000366210938,180.91000366210938,182.41000366210938,143971100,0.0,0.0,NVDA
2025-12-08 00:00:00-05:00,182.63999938964844,188.0,182.39999389648438,185.5500030517578,204378100,0.0,0.0,NVDA
2025-12-09 00:00:00-05:00,185.55999755859375,185.72000122070312,183.32000732421875,184.97000122070312,144719700,0.0,0.0,NVDA
2025-12-10 00:00:00-05:00,184.97000122070312,185.47999572753906,182.0399932861328,183.77999877929688,162785400,0.0,0.0,NVDA
2025-12-11 00:00:00-05:00,180.27999877929688,181.32000732421875,176.6199951171875,180.92999267578125,182136600,0.0,0.0,NVDA
2025-12-12 00:00:00-05:00,181.11000061035156,182.82000732421875,174.6199951171875,175.02000427246094,204274900,0.0,0.0,NVDA
2025-12-15 00:00:00-05:00,177.94000244140625,178.4199981689453,175.02999877929688,176.2899932861328,164775600,0.0,0.0,NVDA
2025-12-16 00:00:00-05:00,176.25999450683594,178.49000549316406,174.89999389648438,177.72000122070312,148588100,0.0,0.0,NVDA
2025-12-17 00:00:00-05:00,176.10000610351562,176.1300048828125,170.30999755859375,170.94000244140625,222775500,0.0,0.0,NVDA
2025-12-18 00:00:00-05:00,174.52999877929688,176.14999389648438,171.82000732421875,174.13999938964844,176096000,0.0,0.0,NVDA
2025-12-19 00:00:00-05:00,176.6699981689453,181.4499969482422,176.33999633789062,180.99000549316406,324925900,0.0,0.0,NVDA
2025-12-22 00:00:00-05:00,183.9199981689453,184.16000366210938,182.35000610351562,183.69000244140625,129064400,0.0,0.0,NVDA
2025-12-23 00:00:00-05:00,182.97000122070312,189.3300018310547,182.89999389648438,189.2100067138672,174873600,0.0,0.0,NVDA
2025-12-24 00:00:00-05:00,187.94000244140625,188.91000366210938,186.58999633789062,188.61000061035156,65528500,0.0,0.0,NVDA
2025-12-26 00:00:00-05:00,189.9199981689453,192.69000244140625,188.0,190.52999877929688,139740300,0.0,0.0,NVDA
2025-12-29 00:00:00-05:00,187.7100067138672,188.75999450683594,185.91000366210938,188.22000122070312,120006100,0.0,0.0,NVDA
2025-12-30 00:00:00-05:00,188.24000549316406,188.99000549316406,186.92999267578125,187.5399932861328,97687300,0.0,0.0,NVDA
2025-12-31 00:00:00-05:00,189.57000732421875,190.55999755859375,186.49000549316406,186.5,120100500,0.0,0.0,NVDA
2026-01-02 00:00:00-05:00,189.83999633789062,192.92999267578125,188.25999450683594,188.85000610351562,148240500,0.0,0.0,NVDA
2026-01-05 00:00:00-05:00,191.75999450683594,193.6300048828125,186.14999389648438,188.1199951171875,183529700,0.0,0.0,NVDA
2026-01-06 00:00:00-05:00,190.52000427246094,192.1699981689453,186.82000732421875,187.24000549316406,176862600,0.0,0.0,NVDA
2026-01-07 00:00:00-05:00,188.57000732421875,191.3699951171875,186.55999755859375,189.11000061035156,153543200,0.0,0.0,NVDA
2026-01-08 00:00:00-05:00,189.11000061035156,189.5500030517578,183.7100067138672,185.0399932861328,172457000,0.0,0.0,NVDA
2026-01-09 00:00:00-05:00,185.0800018310547,186.33999633789062,183.6699981689453,184.86000061035156,131327500,0.0,0.0,NVDA
2026-01-12 00:00:00-05:00,183.22000122070312,187.1199951171875,183.02000427246094,184.94000244140625,137968500,0.0,0.0,NVDA
2026-01-13 00:00:00-05:00,185.0,188.11000061035156,183.39999389648438,185.80999755859375,160128900,0.0,0.0,NVDA
2026-01-14 00:00:00-05:00,184.32000732421875,184.4600067138672,180.8000030517578,183.13999938964844,159586100,0.0,0.0,NVDA
2026-01-15 00:00:00-05:00,186.5,189.6999969482422,186.3300018310547,187.0500030517578,206188600,0.0,0.0,NVDA
2026-01-16 00:00:00-05:00,189.0800018310547,190.44000244140625,186.0800018310547,186.22999572753906,187967200,0.0,0.0,NVDA
2026-01-20 00:00:00-05:00,181.89999389648438,182.3800048828125,177.61000061035156,178.07000732421875,223345300,0.0,0.0,NVDA
2026-01-21 00:00:00-05:00,179.0500030517578,185.3800048828125,178.39999389648438,183.32000732421875,200381000,0.0,0.0,NVDA
2026-01-22 00:00:00-05:00,184.75,186.1699981689453,183.92999267578125,184.83999633789062,139636600,0.0,0.0,NVDA
2026-01-23 00:00:00-05:00,187.5,189.60000610351562,186.82000732421875,187.6699981689453,142748100,0.0,0.0,NVDA
2026-01-26 00:00:00-05:00,187.16000366210938,189.1199951171875,185.99000549316406,186.47000122070312,124799600,0.0,0.0,NVDA
2026-01-27 00:00:00-05:00,187.24000549316406,190.0,185.6999969482422,188.52000427246094,143711600,0.0,0.0,NVDA
2026-01-28 00:00:00-05:00,191.27000427246094,192.35000610351562,189.83999633789062,191.52000427246094,148552700,0.0,0.0,NVDA
2026-01-29 00:00:00-05:00,191.33999633789062,193.47999572753906,186.05999755859375,192.50999450683594,171764400,0.0,0.0,NVDA
2026-01-30 00:00:00-05:00,191.2100067138672,194.49000549316406,189.47000122070312,191.1300048828125,179489500,0.0,0.0,NVDA
2026-02-02 00:00:00-05:00,187.1999969482422,190.3000030517578,184.8800048828125,185.61000061035156,165794100,0.0,0.0,NVDA
2026-02-03 00:00:00-05:00,186.23500061035156,186.24000549316406,176.22999572753906,179.47000122070312,168345258,0.0,0.0,NVDA
